no_pkk,no_pkk_inaportnet,nomor_spb,name_process_code,gt,loa,waktu_tolak,vessel_name
FAPU13000008,PKK.DN.IDGRE.2412.000335,SPB.IDGRE.0225.0000313,Request PPKB,67.0,21.16,2025-02-13T06:00:00.000Z,FAJAR PUTRA
ALHR13000003,PKK.DN.IDSUB.2509.000723,SPB.IDSUB.0925.0000735,Realization,1763.0,60.59,2025-09-19T10:00:00.000Z,ATLAS HARRIER
AG9313000029,PKK.LN.IDSUB.2509.000702,SPB.IDSUB.0925.0000734,Realization,36007.0,231.0,2025-09-19T12:00:00.000Z,MV AS NARA
ES1113000026,PKK.DN.IDGRE.2509.000492,SPB.IDGRE.0925.0000505,Realization,312.0,47.0,2025-09-19T00:00:00.000Z,ELOK SELATAN
MHI013000044,PKK.DN.IDGRE.2509.000463,SPB.IDGRE.0925.0000479,Request PPKB,102.0,32.29,2025-09-17T18:00:00.000Z,MARINE HAWK II
222C13000069,PKK.DN.IDGRE.2509.000489,SPB.IDGRE.0925.0000512,Realization,5367.0,112.0,2025-09-19T16:00:00.000Z,CONCORD
P0IE13000201,PKK.DN.IDGRE.2509.000483,SPB.IDGRE.0925.0000480,Request PPKB,287.0,41.6,2025-09-18T02:00:00.000Z,EXPRESS BAHARI 3F
24KK13000004,PKK.DN.IDSUB.2509.000643,SPB.IDSUB.0925.0000733,Realization,7568.0,124.4,2025-09-19T07:00:00.000Z,MERATUS KARIMUN
HJ0013000053,PKK.DN.IDSUB.2509.000612,SPB.IDSUB.0925.0000730,Realization,8890.0,135.8,2025-09-19T01:00:00.000Z,HIJAU JELITA
FY7L13000289,PKK.DN.IDSUB.2509.000608,SPB.IDSUB.0925.0000673,Realization,2280.0,78.0,2025-09-18T01:00:00.000Z,PERSADA 2551
DL0513000291,PKK.DN.IDSUB.2509.000607,SPB.IDSUB.0925.0000672,Request PPKB,203.0,28.44,2025-09-18T01:00:00.000Z,DL 05
PQI513000081,PKK.DN.IDSUB.2509.000597,SPB.IDSUB.0925.0000708,Request PPKB,320.0,41.5,2025-09-18T16:00:00.000Z,HERLIN NUSANTARA 9
0RVW13000008,PKK.LN.IDGRE.2509.000413,SPB.IDGRE.0925.0000466,Realization,11627.0,145.53,2025-09-17T23:00:00.000Z,MT BEGONIA
DN3313000008,PKK.DN.IDSUB.2509.000128,SPB.IDSUB.0925.0000581,New,169.0,22.06,2025-09-15T16:30:00.000Z,DHARMA NUSANTARA
IM5513000010,PKK.DN.IDSUB.2509.000127,SPB.IDSUB.0925.0000580,New,172.0,36.54,2025-09-15T16:30:00.000Z,ISAH MULIA
CJIM13000112,PKK.DN.IDSUB.2509.000563,SPB.IDSUB.0925.0000732,Realization,3258.0,98.0,2025-09-19T08:00:00.000Z,CARAKA JAYA III MULI ANIM
EP2T13000035,PKK.DN.IDGRE.2509.000401,SPB.IDGRE.0925.0000491,Request PPKB,107.0,27.41,2025-09-18T09:00:00.000Z,MEGA BARU
AIDO13000002,PKK.LN.IDGRE.2509.000395,SPB.IDGRE.0925.0000510,Realization,7760.0,138.8,2025-09-19T10:00:00.000Z,MT. XING TONG KAI MING
KIE113000011,PKK.DN.IDGRE.2509.000388,SPB.IDGRE.0925.0000501,Realization,214.0,29.0,2025-09-19T00:00:00.000Z,KIETRANS I
UOFW13000011,PKK.DN.IDGRE.2509.000387,SPB.IDGRE.0925.0000504,Realization,4371.0,99.98,2025-09-19T00:00:00.000Z,STAR MARINE 3301
EB6013000185,PKK.DN.IDGRE.2509.000391,SPB.IDGRE.0925.0000449,Request PPKB,193.0,35.5,2025-09-17T06:00:00.000Z,EXPRESS BAHARI 6F
EB9913000035,PKK.LN.IDSUB.2509.000534,SPB.IDSUB.0925.0000609,Realization,33266.0,211.9,2025-09-16T01:00:00.000Z,EVER BOOMY
J71H13000006,PKK.DN.IDSUB.2509.000532,SPB.IDSUB.0925.0000619,Request PPKB,54.0,17.64,2025-09-16T12:00:00.000Z,ARJUNA
USJ313000023,PKK.DN.IDGRE.2509.000376,SPB.IDGRE.0925.0000499,Realization,2323.0,78.0,2025-09-18T16:00:00.000Z,USJ III
S73113000023,PKK.DN.IDGRE.2509.000375,SPB.IDGRE.0925.0000498,Realization,107.0,24.62,2025-09-18T16:00:00.000Z,SAMUDRA SINDO - I
FS6613000060,PKK.DN.IDSUB.2509.000509,SPB.IDSUB.0925.0000536,Request PPKB,310.0,47.81,2025-09-14T08:00:00.000Z,FAJAR SELATAN
V1L213000004,PKK.DN.IDSUB.2508.000587,SPB.IDSUB.0925.0000502,New,95.0,25.83,2025-09-13T16:30:00.000Z,DUA PUTRI 04
CRXF13000002,PKK.DN.IDGRE.2509.000360,SPB.IDGRE.0925.0000431,New,122.0,23.49,2025-09-16T16:00:00.000Z,SINAR JAYA
BM2213000002,PKK.DN.IDGRE.2509.000361,SPB.IDGRE.0925.0000430,New,1873.0,73.15,2025-09-16T16:00:00.000Z,BINA MARINE 22
MHI013000043,PKK.DN.IDGRE.2509.000328,SPB.IDGRE.0925.0000365,Request PPKB,102.0,32.29,2025-09-14T19:00:00.000Z,MARINE HAWK II
SI3313000021,PKK.DN.IDGRE.2509.000321,SPB.IDGRE.0925.0000513,Realization,2420.0,89.41,2025-09-19T16:00:00.000Z,SEROJA IX
KM6613000001,PKK.DN.IDGRE.2509.000311,SPB.IDGRE.0925.0000509,Realization,1302.0,72.69,2025-09-19T08:00:00.000Z,KARYA MANDIRI
DL9O13000004,PKK.DN.IDSUB.2508.000077,SPB.IDSUB.0925.0000390,New,149.0,22.06,2025-09-10T16:30:00.000Z,RAMADHANI
SUMS13000004,PKK.DN.IDGRE.2509.000285,SPB.IDGRE.0925.0000439,New,3107.0,91.44,2025-09-16T23:00:00.000Z,SURYA MAS
LMRT13000004,PKK.DN.IDGRE.2509.000283,SPB.IDGRE.0925.0000438,New,232.0,29.23,2025-09-16T23:00:00.000Z,L MARITIM
469X13000001,PKK.DN.IDSUB.2509.000343,SPB.IDSUB.0925.0000725,Realization,3214.0,94.0,2025-09-19T04:30:00.000Z,SLM ARTEMIS 1
0BP113000001,PKK.DN.IDSUB.2509.000342,SPB.IDSUB.0925.0000724,Realization,220.0,27.0,2025-09-19T04:30:00.000Z,BBM 2000 9
R5FA13000036,PKK.DN.IDGRE.2509.000231,SPB.IDGRE.0925.0000487,Request PPKB,27.0,19.5,2025-09-18T12:00:00.000Z,PURNAMA III
89Z513000033,PKK.DN.IDGRE.2509.000230,SPB.IDGRE.0925.0000319,Request PPKB,77.0,22.56,2025-09-13T14:00:00.000Z,RUSITA INDAH
FS0013000043,PKK.DN.IDSUB.2509.000332,SPB.IDSUB.0925.0000591,Request PPKB,454.0,52.37,2025-09-15T15:00:00.000Z,FERIMAS SENTOSA
4VFZ13000007,PKK.DN.IDGRE.2509.000223,SPB.IDGRE.0925.0000443,Realization,3513.0,84.13,2025-09-17T01:00:00.000Z,TUNAS JATRA 6
A08713000004,PKK.DN.IDGRE.2509.000215,SPB.IDGRE.0925.0000395,New,3177.0,91.5,2025-09-15T13:00:00.000Z,APURA 087
A08813000004,PKK.DN.IDGRE.2509.000211,SPB.IDGRE.0925.0000394,New,251.0,28.05,2025-09-15T13:00:00.000Z,APURA 88
PCA313000012,PKK.DN.IDGRE.2509.000197,SPB.IDGRE.0925.0000460,Realization,2649.0,78.0,2025-09-17T16:00:00.000Z,PRINCE CAPRICORN III
BUV213000007,PKK.DN.IDGRE.2509.000196,SPB.IDGRE.0925.0000461,Realization,104.0,30.12,2025-09-17T16:00:00.000Z,BUENA VELA II
PUA913000012,PKK.DN.IDSUB.2509.000277,SPB.IDSUB.0925.0000525,Request PPKB,369.0,51.1,2025-09-14T01:00:00.000Z,DEKTOS 101
7WWL13000018,PKK.DN.IDSUB.2508.000285,SPB.IDSUB.0925.0000269,New,249.0,41.0,2025-09-07T16:30:00.000Z,MADHANI
RRJE13000016,PKK.DN.IDSUB.2508.000387,SPB.IDSUB.0925.0000270,New,101.0,23.85,2025-09-07T16:30:00.000Z,GRYA IDOLA
EB6013000184,PKK.DN.IDGRE.2509.000182,SPB.IDGRE.0925.0000311,Realization,193.0,35.5,2025-09-13T02:00:00.000Z,EXPRESS BAHARI 6F
111R13000072,PKK.DN.IDSUB.2509.000261,SPB.IDSUB.0925.0000294,Request PPKB,426.0,48.0,2025-09-08T06:00:00.000Z,RAAFIAH
0SNH13000278,PKK.DN.IDGRE.2509.000152,SPB.IDGRE.0925.0000337,Realization,2194.0,74.0,2025-09-13T23:30:00.000Z,WIRANDI XIV
DM4413000008,PKK.DN.IDSUB.2508.000691,SPB.IDSUB.0925.0000184,New,159.0,29.34,2025-09-05T16:30:00.000Z,DHARMA MALULU
GX2013000006,PKK.DN.IDSUB.2508.000413,SPB.IDSUB.0925.0000182,New,147.0,31.96,2025-09-05T11:00:00.000Z,BONERATE KING
QYDF13000001,PKK.DN.IDSUB.2508.001031,SPB.IDSUB.0925.0000183,New,197.0,30.71,2025-09-05T16:30:00.000Z,SARIHABDILA
PQI513000079,PKK.DN.IDSUB.2509.000189,SPB.IDSUB.0925.0000413,Request PPKB,320.0,41.5,2025-09-11T01:00:00.000Z,HERLIN NUSANTARA 9
UE1M13000005,PKK.DN.IDSUB.2509.000144,SPB.IDSUB.0925.0000391,Realization,5199.0,112.37,2025-09-10T16:55:00.000Z,DL JADE
AS0013000024,PKK.DN.IDSUB.2509.000106,SPB.IDSUB.0925.0000335,Realization,5320.0,120.6,2025-09-09T01:00:00.000Z,ARMADA SERASI
K17213000009,PKK.DN.IDGRE.2509.000065,SPB.IDGRE.0925.0000515,Realization,2150.0,82.3,2025-09-20T00:00:00.000Z,NRS VIII
FRXU13000005,PKK.DN.IDGRE.2509.000064,SPB.IDGRE.0925.0000514,Request PPKB,148.0,23.5,2025-09-20T00:00:00.000Z,KUS 07
S19113000002,PKK.DN.IDGRE.2509.000063,SPB.IDGRE.0925.0000500,Realization,429.0,50.0,2025-09-18T23:00:00.000Z,SHA 601
T30213000001,PKK.DN.IDGRE.2509.000038,SPB.IDGRE.0925.0000496,New,3233.0,91.5,2025-09-18T16:30:00.000Z,TERANG 302
TP0713000001,PKK.DN.IDGRE.2509.000036,SPB.IDGRE.0925.0000497,New,202.0,27.5,2025-09-18T16:30:00.000Z,TRANS PACIFIC 07
SH4413000033,PKK.DN.IDSUB.2509.000020,SPB.IDSUB.0925.0000164,Realization,10165.0,135.69,2025-09-05T01:00:00.000Z,SPIL HAYU
111W13000004,PKK.DN.IDGRE.2509.000009,SPB.IDGRE.0925.0000494,Realization,1680.0,82.59,2025-09-18T23:00:00.000Z,WAKAYOSHI
PQI513000078,PKK.DN.IDSUB.2509.000016,SPB.IDSUB.0925.0000058,Request PPKB,320.0,41.5,2025-09-02T14:00:00.000Z,HERLIN NUSANTARA 9
SKI313000157,PKK.DN.IDSUB.2509.000004,SPB.IDSUB.0925.0000075,Realization,2837.0,76.88,2025-09-02T20:55:00.000Z,DHARMA FERRY VI
PSB013000002,PKK.DN.IDGRE.2508.000827,SPB.IDGRE.0925.0000161,Request PPKB,3089.0,91.44,2025-09-07T23:00:00.000Z,PSB 3005
PSB513000002,PKK.DN.IDGRE.2508.000826,SPB.IDGRE.0925.0000162,Request PPKB,286.0,29.0,2025-09-07T23:00:00.000Z,PSB 05
FJ8613000001,PKK.DN.IDGRE.2508.000420,SPB.IDGRE.0925.0000026,New,175.0,26.0,2025-09-01T23:00:00.000Z,NELLY 89
WK4313000001,PKK.DN.IDGRE.2508.000421,SPB.IDGRE.0925.0000025,New,3121.0,91.44,2025-09-01T23:00:00.000Z,NELLY 92
PQI513000077,PKK.DN.IDSUB.2508.001098,SPB.IDSUB.0825.0001166,Request PPKB,320.0,41.5,2025-08-30T11:00:00.000Z,HERLIN NUSANTARA 9
FS6613000059,PKK.DN.IDSUB.2508.001049,SPB.IDSUB.0925.0000382,Realization,310.0,47.81,2025-09-10T07:00:00.000Z,FAJAR SELATAN
PWS913000003,PKK.DN.IDGRE.2508.000767,SPB.IDGRE.0925.0000286,New,3176.0,91.5,2025-09-11T23:00:00.000Z,BENAMI XVI
HZTE13000003,PKK.DN.IDGRE.2508.000763,SPB.IDGRE.0925.0000284,New,182.0,26.77,2025-09-11T23:00:00.000Z,MICHELLE XVI
IO7S13000001,PKK.DN.IDGRE.2508.000757,SPB.IDGRE.0925.0000021,New,3231.0,91.44,2025-09-01T16:00:00.000Z,BENAMI IX
MOOU13000001,PKK.DN.IDGRE.2508.000756,SPB.IDGRE.0925.0000020,New,178.0,26.6,2025-09-01T16:00:00.000Z,MICHELLE IX
X8EK13000009,PKK.DN.IDGRE.2508.000752,SPB.IDGRE.0925.0000032,Realization,3513.0,84.13,2025-09-02T23:00:00.000Z,INTAN DELIMA
M97813000013,PKK.DN.IDSUB.2508.001000,SPB.IDSUB.0825.0001029,Request PPKB,2532.0,87.94,2025-08-27T00:30:00.000Z,MERATUS SANGATTA
QRND13000004,PKK.DN.IDSUB.2508.000998,SPB.IDSUB.0825.0001033,Request PPKB,6976.0,123.5,2025-08-27T08:00:00.000Z,HATNYANAWATI
SL3113000001,PKK.DN.IDGRE.2508.000729,SPB.IDGRE.0925.0000117,New,117.0,22.12,2025-09-05T08:00:00.000Z,SANLE 31
PB0613000001,PKK.DN.IDGRE.2508.000728,SPB.IDGRE.0925.0000115,New,2219.0,73.2,2025-09-05T08:00:00.000Z,P B 2506
333L13000041,PKK.DN.IDSUB.2508.000986,SPB.IDSUB.0825.0001149,Realization,12027.0,157.13,2025-08-29T16:00:00.000Z,LUZON
AE4413000003,PKK.LN.IDGRE.2508.000625,SPB.IDGRE.0825.0000755,New,5021.0,106.0,2025-08-27T00:00:00.000Z,MT. EAGLE ASIA 08
R5FA13000035,PKK.DN.IDGRE.2508.000682,SPB.IDGRE.0825.0000820,Request PPKB,27.0,19.5,2025-08-28T15:00:00.000Z,PURNAMA III
111R13000071,PKK.DN.IDSUB.2508.000932,SPB.IDSUB.0925.0000027,Request PPKB,426.0,48.0,2025-09-01T16:00:00.000Z,RAAFIAH
DL0513000266,PKK.DN.IDSUB.2508.000911,SPB.IDSUB.0825.0000945,Request PPKB,203.0,28.44,2025-08-25T01:00:00.000Z,DL 05
PQI513000076,PKK.DN.IDSUB.2508.000907,SPB.IDSUB.0825.0000999,Request PPKB,320.0,41.5,2025-08-26T09:00:00.000Z,HERLIN NUSANTARA 9
H12213000044,PKK.DN.IDSUB.2508.000884,SPB.IDSUB.0825.0000965,Request PPKB,275.0,39.0,2025-08-25T15:00:00.000Z,HUBMAR - 14
PUA913000011,PKK.DN.IDSUB.2508.000878,SPB.IDSUB.0825.0001124,Request PPKB,369.0,51.1,2025-08-29T05:00:00.000Z,DEKTOS 101
DI5A13000005,PKK.DN.IDSUB.2507.000254,SPB.IDSUB.0825.0000763,New,261.0,39.79,2025-08-20T15:30:00.000Z,MEGA DUA TUJUH
FY7L13000281,PKK.DN.IDSUB.2508.000748,SPB.IDSUB.0825.0000946,Realization,2280.0,78.0,2025-08-25T01:00:00.000Z,PERSADA 2551
MICV13000005,PKK.DN.IDGRE.2508.000394,SPB.IDGRE.0825.0000559,New,183.0,26.0,2025-08-21T01:00:00.000Z,DOLPHIN 38
4VWY13000005,PKK.DN.IDGRE.2508.000395,SPB.IDGRE.0825.0000560,New,3303.0,91.5,2025-08-21T01:00:00.000Z,BKT 302
LMM013000001,PKK.DN.IDGRE.2508.000558,SPB.IDGRE.0825.0000689,Request PPKB,484.0,59.2,2025-08-24T12:00:00.000Z,LAKSAMANA MAHATIR M.ZAIN
CNI113000006,PKK.DN.IDSUB.2508.000389,SPB.IDSUB.0825.0000716,New,151.0,33.65,2025-08-19T16:30:00.000Z,CITRA NUSANTARA INDAH
M55513000012,PKK.DN.IDGRE.2508.000482,SPB.IDGRE.0825.0000520,New,17527.0,155.0,2025-08-19T08:00:00.000Z,MARIANNA GOLDEN
20A513000005,PKK.DN.IDGRE.2508.000508,SPB.IDGRE.0825.0000637,Request PPKB,203.0,35.46,2025-08-22T22:00:00.000Z,MAKMUR ABADI SETIA
PQI513000075,PKK.DN.IDSUB.2508.000659,SPB.IDSUB.0825.0000775,Request PPKB,320.0,41.5,2025-08-20T16:55:00.000Z,HERLIN NUSANTARA 9
PCA213000017,PKK.DN.IDGRE.2508.000473,SPB.IDGRE.0925.0000364,Realization,2071.0,78.03,2025-09-14T16:00:00.000Z,PRINCE CAPRICORN II
ZEVB13000014,PKK.DN.IDGRE.2508.000472,SPB.IDGRE.0925.0000363,Realization,149.0,28.8,2025-09-14T16:00:00.000Z,MITRA KENCANA IV
111R13000070,PKK.DN.IDSUB.2508.000616,SPB.IDSUB.0825.0000884,Request PPKB,426.0,48.0,2025-08-23T08:30:00.000Z,RAAFIAH
FS6613000058,PKK.DN.IDSUB.2508.000529,SPB.IDSUB.0825.0001009,Realization,310.0,47.81,2025-08-26T10:00:00.000Z,FAJAR SELATAN
MDO613000060,PKK.DN.IDSUB.2508.000543,SPB.IDSUB.0825.0000694,Realization,13853.0,161.85,2025-08-18T16:00:00.000Z,MERATUS MEDAN 1
VKMJ13000001,PKK.DN.IDSUB.2508.000535,SPB.IDSUB.0925.0000482,Request PPKB,232.0,31.72,2025-09-12T16:00:00.000Z,PETRO BANTENG
SJ0013000002,PKK.DN.IDSUB.2508.000520,SPB.IDSUB.0825.0000724,Request PPKB,497.0,55.09,2025-08-19T16:00:00.000Z,SENRI JAYA
MK3313000069,PKK.DN.IDSUB.2508.000506,SPB.IDSUB.0825.0000713,Realization,8203.0,128.84,2025-08-19T08:00:00.000Z,MERATUS KELIMUTU
A08713000003,PKK.DN.IDGRE.2508.000373,SPB.IDGRE.0825.0000701,New,3177.0,91.5,2025-08-24T16:00:00.000Z,APURA 087
AE4413000002,PKK.LN.IDGRE.2508.000330,SPB.IDGRE.0825.0000390,New,5021.0,107.0,2025-08-15T00:00:00.000Z,MT. EAGLE ASIA 08
PQI513000074,PKK.DN.IDSUB.2508.000490,SPB.IDSUB.0825.0000635,Request PPKB,320.0,41.5,2025-08-17T02:00:00.000Z,HERLIN NUSANTARA 9
A08813000003,PKK.DN.IDGRE.2508.000358,SPB.IDGRE.0825.0000700,New,251.0,28.05,2025-08-24T16:00:00.000Z,APURA 88
B30013000003,PKK.DN.IDGRE.2508.000357,SPB.IDGRE.0825.0000479,New,3066.0,87.78,2025-08-17T16:00:00.000Z,BAHARI 30012
TAB613000003,PKK.DN.IDGRE.2508.000356,SPB.IDGRE.0825.0000478,New,190.0,26.0,2025-08-17T16:00:00.000Z,TANJUNG BAHARI 16
111R13000069,PKK.DN.IDSUB.2508.000457,SPB.IDSUB.0825.0000531,Request PPKB,426.0,48.0,2025-08-14T11:55:00.000Z,RAAFIAH
BDMA13000006,PKK.DN.IDGRE.2508.000322,SPB.IDGRE.0925.0000511,Request PPKB,498.0,39.61,2025-09-19T11:00:00.000Z,BUDI DARMA
GIRZ13000002,PKK.DN.IDGRE.2508.000320,SPB.IDGRE.0825.0000331,Request PPKB,485.0,46.83,2025-08-12T13:00:00.000Z,BUDI UTAMA 3
MSD013000008,PKK.DN.IDGRE.2508.000273,SPB.IDGRE.0825.0000883,Request PPKB,142.0,24.02,2025-08-30T14:00:00.000Z,MITRA SAMUDERA
P0IE13000188,PKK.DN.IDGRE.2508.000272,SPB.IDGRE.0825.0000373,Realization,287.0,41.6,2025-08-14T02:00:00.000Z,EXPRESS BAHARI 3F
MG5K13000026,PKK.DN.IDSUB.2508.000381,SPB.IDSUB.0825.0000462,Realization,5262.0,109.8,2025-08-12T14:30:00.000Z,MERATUS CIWANDAN
PQI513000073,PKK.DN.IDSUB.2508.000377,SPB.IDSUB.0825.0000457,Request PPKB,320.0,41.5,2025-08-12T14:00:00.000Z,HERLIN NUSANTARA 9
QRND13000002,PKK.DN.IDSUB.2508.000371,SPB.IDSUB.0825.0000407,Request PPKB,6976.0,123.5,2025-08-11T10:00:00.000Z,HATNYANAWATI
BENX13000010,PKK.DN.IDGRE.2508.000241,SPB.IDGRE.0825.0000788,Request PPKB,167.0,38.0,2025-08-27T13:00:00.000Z,KUDA MAS
MVP113000002,PKK.LN.IDGRE.2508.000183,SPB.IDGRE.0825.0000265,New,3376.0,95.99,2025-08-09T23:00:00.000Z,MT. VIRGO PHOENIX
VCLT13000011,PKK.DN.IDGRE.2508.000216,SPB.IDGRE.0925.0000190,Request PPKB,189.0,33.11,2025-09-08T13:00:00.000Z,BERKAH USAHA BARU
PQI513000072,PKK.DN.IDSUB.2508.000218,SPB.IDSUB.0825.0000293,Request PPKB,320.0,41.5,2025-08-08T16:00:00.000Z,HERLIN NUSANTARA 9
R8X213000016,PKK.DN.IDGRE.2508.000133,SPB.IDGRE.0925.0000175,Request PPKB,202.0,33.22,2025-09-09T01:00:00.000Z,BAHTERA ANUGERAH
3XR913000005,PKK.DN.IDSUB.2508.000190,SPB.IDSUB.0925.0000101,New,66.0,23.5,2025-09-03T16:00:00.000Z,CAHAYA IMAN
NCSM13000014,PKK.DN.IDSUB.2508.000110,SPB.IDSUB.0925.0000588,Request PPKB,325.0,32.83,2025-09-15T21:00:00.000Z,TPS BETA
PUA913000010,PKK.DN.IDSUB.2508.000097,SPB.IDSUB.0825.0000490,Request PPKB,369.0,51.1,2025-08-13T09:00:00.000Z,DEKTOS 101
111R13000068,PKK.DN.IDSUB.2508.000036,SPB.IDSUB.0825.0000205,Request PPKB,426.0,48.0,2025-08-06T16:55:00.000Z,RAAFIAH
L2WR13000001,PKK.DN.IDSUB.2507.000312,SPB.IDSUB.0925.0000084,Request PPKB,12.0,12.98,2025-09-03T06:00:00.000Z,MP PMS SRIKANDI 01
AFZB13000004,PKK.DN.IDGRE.2508.000025,SPB.IDGRE.0925.0000389,Realization,74.0,19.98,2025-09-16T01:00:00.000Z,ATLANTIC STAR 6
FS6613000057,PKK.DN.IDSUB.2507.001247,SPB.IDSUB.0825.0000484,Realization,310.0,47.81,2025-08-13T05:00:00.000Z,FAJAR SELATAN
NHIE13000007,PKK.DN.IDSUB.2507.000243,SPB.IDSUB.0725.0001226,New,98.0,29.58,2025-07-31T01:00:00.000Z,HASIL FAJRUL UTAMA
PQI513000071,PKK.DN.IDSUB.2507.001210,SPB.IDSUB.0825.0000144,Request PPKB,320.0,41.5,2025-08-04T20:00:00.000Z,HERLIN NUSANTARA 9
SKJI13000029,PKK.DN.IDGRE.2507.000807,SPB.IDGRE.0725.0000816,Request PPKB,224.0,36.7,2025-07-29T16:00:00.000Z,SRI KENCANA JAYA III
MOA713000001,PKK.DN.IDGRE.2507.000792,SPB.IDGRE.0825.0000167,Realization,3145.0,91.44,2025-08-06T06:00:00.000Z,MOANA VII
KLI713000001,PKK.DN.IDGRE.2507.000791,SPB.IDGRE.0825.0000166,Request PPKB,192.0,26.0,2025-08-06T06:00:00.000Z,KAILI VII
FS6613000056,PKK.DN.IDSUB.2507.001103,SPB.IDSUB.0725.0001190,Realization,310.0,47.81,2025-07-30T10:00:00.000Z,FAJAR SELATAN
WKNF13000010,PKK.DN.IDGRE.2507.000788,SPB.IDGRE.0825.0000036,Request PPKB,276.0,38.97,2025-08-03T01:00:00.000Z,SATRIA ANUGERAH NUSANTARA
4U0B13000001,PKK.DN.IDGRE.2507.000768,SPB.IDGRE.0725.0000873,New,2843.0,82.3,2025-07-31T16:00:00.000Z,SUMBER JAYA 2736
C51A13000001,PKK.DN.IDGRE.2507.000767,SPB.IDGRE.0725.0000872,New,171.0,25.0,2025-07-31T16:00:00.000Z,SABANG 77
SP8013000014,PKK.DN.IDSUB.2507.001010,SPB.IDSUB.0825.0000334,Realization,613.0,57.07,2025-08-10T00:00:00.000Z,SAMUDRA PERKASA 8
PQI513000070,PKK.DN.IDSUB.2507.000951,SPB.IDSUB.0725.0001093,Request PPKB,320.0,41.5,2025-07-27T14:00:00.000Z,HERLIN NUSANTARA 9
LS0013000012,PKK.DN.IDSUB.2507.000944,SPB.IDSUB.0825.0000021,Request PPKB,263.0,39.51,2025-08-01T15:00:00.000Z,LESTARI SELATAN
FS0013000041,PKK.DN.IDSUB.2507.000932,SPB.IDSUB.0725.0001117,Request PPKB,454.0,52.37,2025-07-28T11:00:00.000Z,FERIMAS SENTOSA
MES213000004,PKK.LN.IDGRE.2507.000595,SPB.IDGRE.0725.0000633,New,5181.0,107.0,2025-07-24T00:00:00.000Z,MT. EAGLE SAKURA
BENX13000009,PKK.DN.IDGRE.2507.000601,SPB.IDGRE.0725.0000755,Request PPKB,167.0,38.0,2025-07-27T16:00:00.000Z,KUDA MAS
111R13000065,PKK.DN.IDSUB.2507.000848,SPB.IDSUB.0725.0000928,Request PPKB,426.0,3.0,2025-07-23T16:55:00.000Z,RAAFIAH
PQI513000069,PKK.DN.IDSUB.2507.000841,SPB.IDSUB.0725.0000886,Request PPKB,320.0,41.5,2025-07-22T14:00:00.000Z,HERLIN NUSANTARA 9
LS0013000011,PKK.DN.IDSUB.2507.000822,SPB.IDSUB.0725.0000923,Request PPKB,263.0,39.51,2025-07-23T16:00:00.000Z,LESTARI SELATAN
FAHR13000001,PKK.DN.IDSUB.2507.000812,SPB.IDSUB.0725.0000971,New,827.0,64.5,2025-07-25T00:30:00.000Z,BLUE OCEAN 168
RR5513000044,PKK.DN.IDSUB.2507.000794,SPB.IDSUB.0725.0000920,Realization,4489.0,100.7,2025-07-23T11:00:00.000Z,RED RESOURCE
AF3813000001,PKK.LN.IDGRE.2507.000250,SPB.IDGRE.0725.0000510,New,29369.0,189.9,2025-07-19T20:00:00.000Z,MV. MARIA F
H12213000043,PKK.DN.IDSUB.2507.000770,SPB.IDSUB.0825.0000849,Request PPKB,275.0,39.0,2025-08-22T11:30:00.000Z,HUBMAR - 14
NO5A13000001,PKK.DN.IDSUB.2502.000147,SPB.IDSUB.0925.0000051,Request PPKB,12.0,12.6,2025-09-02T03:00:00.000Z,MP PMS SRIKANDI 02
PQI513000068,PKK.DN.IDSUB.2507.000657,SPB.IDSUB.0725.0000757,Request PPKB,320.0,41.5,2025-07-19T10:00:00.000Z,HERLIN NUSANTARA 9
PUA913000009,PKK.DN.IDSUB.2507.000635,SPB.IDSUB.0725.0000864,Request PPKB,369.0,51.1,2025-07-22T03:00:00.000Z,DEKTOS 101
YAVN13000001,PKK.DN.IDSUB.2507.000576,SPB.IDSUB.0825.0001091,Request PPKB,394.0,47.9,2025-08-28T11:00:00.000Z,SEJIWA I
NCSM13000013,PKK.DN.IDSUB.2507.000560,SPB.IDSUB.0825.0000040,Request PPKB,325.0,32.83,2025-08-01T23:30:00.000Z,TPS BETA
MDQ913000063,PKK.DN.IDSUB.2507.000553,SPB.IDSUB.0725.0000715,Realization,5536.0,117.0,2025-07-18T12:30:00.000Z,MERATUS PEMATANGSIANTAR
111R13000064,PKK.DN.IDSUB.2507.000552,SPB.IDSUB.0725.0000685,Request PPKB,426.0,48.0,2025-07-17T16:35:00.000Z,RAAFIAH
SN1413000011,PKK.DN.IDSUB.2507.000542,SPB.IDSUB.0725.0000950,Realization,797.0,54.6,2025-07-24T08:00:00.000Z,SINAR NUSANTARA 11
2AN013000001,PKK.DN.IDGRE.2507.000355,SPB.IDGRE.0725.0000574,New,2208.0,76.25,2025-07-21T23:00:00.000Z,P B 2507
PQI513000067,PKK.DN.IDSUB.2507.000427,SPB.IDSUB.0725.0000489,Request PPKB,320.0,41.5,2025-07-12T16:00:00.000Z,HERLIN NUSANTARA 9
I60013000002,PKK.DN.IDSUB.2507.000367,SPB.IDSUB.0925.0000010,Realization,794.0,57.0,2025-09-01T08:00:00.000Z,ISE 6
MHCG13000009,PKK.DN.IDGRE.2507.000249,SPB.IDGRE.0725.0000489,Realization,297.0,34.22,2025-07-18T13:00:00.000Z,MUTIARA HATI SETIA
L2WR13000001,PKK.DN.IDSUB.2507.000312,SPB.IDSUB.0925.0000084,Request PPKB,12.0,12.98,2025-09-03T06:00:00.000Z,MP PMS SRIKANDI 01
IC2213000045,PKK.DN.IDSUB.2507.000278,SPB.IDSUB.0725.0000368,Realization,4797.0,107.8,2025-07-10T06:00:00.000Z,ICON CORINTUS
PFR613000005,PKK.DN.IDGRE.2507.000197,SPB.IDGRE.0725.0000420,Request PPKB,291.0,40.9,2025-07-16T10:00:00.000Z,LUMBA LUMBA II
7J3Z13000011,PKK.DN.IDGRE.2507.000195,SPB.IDGRE.0825.0000035,Request PPKB,283.0,36.86,2025-08-02T09:00:00.000Z,RESTU SETIA
GR5513000006,PKK.DN.IDSUB.2507.000262,SPB.IDSUB.0725.0000847,Realization,30006.0,189.94,2025-07-21T16:00:00.000Z,GOLDEN REJEKI
YM2913000013,PKK.DN.IDGRE.2507.000179,SPB.IDGRE.0725.0000490,Request PPKB,247.0,33.08,2025-07-18T13:00:00.000Z,SINAR PERMATA SETIA
QENW13000013,PKK.DN.IDGRE.2507.000162,SPB.IDGRE.0725.0000491,Request PPKB,250.0,35.38,2025-07-18T13:00:00.000Z,HARTA SETIA II
MDO913000051,PKK.DN.IDSUB.2507.000237,SPB.IDSUB.0725.0000490,Realization,11964.0,149.55,2025-07-12T16:55:00.000Z,MERATUS MAMIRI
T25813000001,PKK.DN.IDGRE.2507.000131,SPB.IDGRE.0725.0000362,New,2212.0,76.25,2025-07-13T23:00:00.000Z,TGH 2508
PM1513000003,PKK.DN.IDGRE.2507.000130,SPB.IDGRE.0725.0000361,New,142.0,23.5,2025-07-13T23:00:00.000Z,PRIME 15
WSS913000011,PKK.DN.IDSUB.2507.000132,SPB.IDSUB.0725.0000100,Realization,280.0,29.5,2025-07-03T16:55:00.000Z,MANGGA RAYA
FS6613000055,PKK.DN.IDSUB.2507.000095,SPB.IDSUB.0725.0000956,Realization,310.0,47.81,2025-07-24T11:00:00.000Z,FAJAR SELATAN
H12213000041,PKK.DN.IDSUB.2507.000094,SPB.IDSUB.0725.0000713,Request PPKB,275.0,39.0,2025-07-18T13:00:00.000Z,HUBMAR - 14
6L6E13000013,PKK.DN.IDGRE.2507.000047,SPB.IDGRE.0725.0000328,Request PPKB,306.0,29.27,2025-07-13T01:00:00.000Z,BAHTERA MADINA
PQI513000066,PKK.DN.IDSUB.2507.000027,SPB.IDSUB.0725.0000336,Request PPKB,320.0,41.5,2025-07-09T11:00:00.000Z,HERLIN NUSANTARA 9
LS0013000010,PKK.DN.IDSUB.2506.001141,SPB.IDSUB.0725.0000709,Request PPKB,263.0,39.51,2025-07-18T09:00:00.000Z,LESTARI SELATAN
ZVT713000008,PKK.DN.IDGRE.2506.000725,SPB.IDGRE.0725.0000485,Request PPKB,491.0,44.75,2025-07-18T13:00:00.000Z,SAMUDRA UTAMA I
777C13000092,PKK.DN.IDSUB.2506.001098,SPB.IDSUB.0625.0001140,Realization,14403.0,146.5,2025-06-29T23:00:00.000Z,CIREMAI
PX0F13000003,PKK.DN.IDSUB.2506.001077,SPB.IDSUB.0725.0000564,Request PPKB,406.0,46.42,2025-07-14T22:00:00.000Z,DAMAI II
BENX13000007,PKK.DN.IDGRE.2506.000710,SPB.IDGRE.0625.0000795,Request PPKB,167.0,38.0,2025-06-30T16:00:00.000Z,KUDA MAS
7WWL13000017,PKK.DN.IDGRE.2506.000703,SPB.IDGRE.0725.0000034,Request PPKB,249.0,41.0,2025-07-02T13:00:00.000Z,MADHANI
PQI513000065,PKK.DN.IDSUB.2506.001055,SPB.IDSUB.0625.0001117,Request PPKB,320.0,41.5,2025-06-29T13:00:00.000Z,HERLIN NUSANTARA 9
H12213000040,PKK.DN.IDSUB.2506.001050,SPB.IDSUB.0725.0000022,Request PPKB,275.0,39.0,2025-07-01T09:00:00.000Z,HUBMAR - 14
FS6613000053,PKK.DN.IDSUB.2506.001049,SPB.IDSUB.0625.0001153,Request PPKB,310.0,47.81,2025-06-30T10:00:00.000Z,FAJAR SELATAN
S08213000019,PKK.DN.IDGRE.2506.000689,SPB.IDGRE.0625.0000703,Request PPKB,315.0,46.34,2025-06-27T23:00:00.000Z,SATURN III
IGUL13000014,PKK.DN.IDSUB.2506.001017,SPB.IDSUB.0825.0000025,New,169.0,31.5,2025-08-01T16:00:00.000Z,MUTIARA INTI PERMATA
BLBR13000001,PKK.DN.IDSUB.2506.000982,SPB.IDSUB.0725.0000298,Realization,123.0,22.0,2025-07-08T16:30:00.000Z,BLUE BARRACUDA
5MSV13000003,PKK.DN.IDGRE.2506.000654,SPB.IDGRE.0625.0000716,New,2102.0,82.3,2025-06-28T11:00:00.000Z,SEA HORSE 05
V8R713000003,PKK.DN.IDGRE.2506.000653,SPB.IDGRE.0625.0000715,New,198.0,26.0,2025-06-28T11:00:00.000Z,CIPTA 1602
T2ZT13000028,PKK.DN.IDSUB.2506.000970,SPB.IDSUB.0625.0001138,Realization,14896.0,160.0,2025-06-29T20:55:00.000Z,MUTIARA SENTOSA II
VRI213000041,PKK.DN.IDSUB.2506.000950,SPB.IDSUB.0625.0001129,Realization,5262.0,109.8,2025-06-29T13:00:00.000Z,MERATUS CILACAP
T72J13000003,PKK.DN.IDSUB.2506.000900,SPB.IDSUB.0625.0001090,New,98.0,28.85,2025-06-28T16:30:00.000Z,MITRA BAHARI
16D713000007,PKK.DN.IDSUB.2506.000901,SPB.IDSUB.0725.0000878,New,189.0,38.49,2025-07-22T16:30:00.000Z,HASTA
H12213000038,PKK.DN.IDSUB.2506.000892,SPB.IDSUB.0625.0001039,Request PPKB,275.0,39.0,2025-06-27T11:00:00.000Z,HUBMAR - 14
96S513000001,PKK.LN.IDSUB.2506.000861,SPB.IDSUB.0625.0000998,Request PPKB,5063.0,106.52,2025-06-26T16:00:00.000Z,SUNNY TRITON
BENX13000006,PKK.DN.IDGRE.2506.000547,SPB.IDGRE.0625.0000578,Request PPKB,167.0,38.0,2025-06-22T23:00:00.000Z,KUDA MAS
PQI513000064,PKK.DN.IDSUB.2506.000750,SPB.IDSUB.0625.0000989,Request PPKB,320.0,41.5,2025-06-26T07:00:00.000Z,HERLIN NUSANTARA 9
777E13000001,PKK.DN.IDSUB.2506.000744,SPB.IDSUB.0925.0000540,Request PPKB,457.0,50.65,2025-09-14T10:00:00.000Z,EBISU
PH3313000019,PKK.DN.IDSUB.2506.000727,SPB.IDSUB.0625.0001078,Request PPKB,166.0,41.92,2025-06-28T12:00:00.000Z,NABIL 99
S08213000018,PKK.DN.IDGRE.2506.000439,SPB.IDGRE.0625.0000446,Request PPKB,315.0,46.34,2025-06-18T16:00:00.000Z,SATURN III
SKJI13000028,PKK.DN.IDGRE.2506.000431,SPB.IDGRE.0625.0000628,Request PPKB,224.0,36.7,2025-06-24T16:00:00.000Z,SRI KENCANA JAYA III
EU3N13000001,PKK.DN.IDSUB.2506.000652,SPB.IDSUB.0625.0001002,New,173.0,38.18,2025-06-26T16:00:00.000Z,ASRI INDAH II
6M2N13000002,PKK.DN.IDSUB.2506.000651,SPB.IDSUB.0825.0000175,New,229.0,24.38,2025-08-05T16:30:00.000Z,MINAL RAHMAT
111R13000062,PKK.DN.IDSUB.2506.000650,SPB.IDSUB.0625.0001055,Request PPKB,426.0,48.0,2025-06-27T16:55:00.000Z,RAAFIAH
MDJ613000070,PKK.DN.IDSUB.2506.000630,SPB.IDSUB.0625.0000861,Realization,7542.0,123.0,2025-06-23T01:00:00.000Z,MERATUS SAMARINDA
H12213000035,PKK.DN.IDSUB.2506.000557,SPB.IDSUB.0625.0000635,Request PPKB,275.0,39.0,2025-06-17T10:00:00.000Z,HUBMAR - 14
202A13000012,PKK.DN.IDSUB.2506.000550,SPB.IDSUB.0625.0001044,Realization,692.0,55.46,2025-06-27T12:00:00.000Z,ARISTA
FS6613000052,PKK.DN.IDSUB.2506.000547,SPB.IDSUB.0625.0000967,Request PPKB,310.0,47.81,2025-06-25T15:00:00.000Z,FAJAR SELATAN
151B13000002,PKK.DN.IDSUB.2506.000525,SPB.IDSUB.0925.0000085,Request PPKB,361.0,44.0,2025-09-03T16:00:00.000Z,BERGUNA
BENX13000005,PKK.DN.IDGRE.2506.000315,SPB.IDGRE.0625.0000412,Request PPKB,167.0,38.0,2025-06-17T16:00:00.000Z,KUDA MAS
HNVR13000010,PKK.DN.IDSUB.2506.000469,SPB.IDSUB.0625.0001048,New,239.0,39.31,2025-06-27T17:30:00.000Z,BERKAH BUANA INDAH
SN5113000004,PKK.DN.IDSUB.2506.000461,SPB.IDSUB.0825.0000068,Realization,1171.0,58.5,2025-08-02T16:00:00.000Z,SABUK NUSANTARA 57
RRJE13000015,PKK.DN.IDSUB.2506.000455,SPB.IDSUB.0725.0000756,New,101.0,23.85,2025-07-19T16:30:00.000Z,GRYA IDOLA
UB4613000001,PKK.DN.IDGRE.2502.000709,SPB.IDGRE.0625.0000317,Request PPKB,340.0,46.35,2025-06-14T16:00:00.000Z,ARMADA IV
BEG813000002,PKK.DN.IDSUB.2506.000359,SPB.IDSUB.0625.0000427,Request PPKB,40170.0,225.0,2025-06-12T13:00:00.000Z,PRIMA ANDALAN I
PQI513000063,PKK.DN.IDSUB.2506.000353,SPB.IDSUB.0625.0000689,Request PPKB,320.0,41.5,2025-06-18T16:30:00.000Z,HERLIN NUSANTARA 9
Q5RC13000030,PKK.DN.IDGRE.2506.000222,SPB.IDGRE.0625.0000453,Realization,102.0,23.2,2025-06-19T11:00:00.000Z,SARI MADU
DGP213000001,PKK.DN.IDSUB.2506.000338,SPB.IDSUB.0625.0000956,New,147.0,33.25,2025-06-25T16:30:00.000Z,BINA SURGA IV
YDT613000013,PKK.DN.IDSUB.2506.000332,SPB.IDSUB.0625.0000986,Request PPKB,256.0,42.0,2025-06-25T23:00:00.000Z,GRAHA DUA TIGA
7NNN13000001,PKK.LN.IDGRE.2506.000211,SPB.IDGRE.0625.0000238,Request PPKB,263.0,40.29,2025-06-11T23:00:00.000Z,KAZO AGILITY 3
H12213000033,PKK.DN.IDSUB.2506.000287,SPB.IDSUB.0625.0000552,Request PPKB,275.0,39.0,2025-06-15T08:55:00.000Z,HUBMAR - 14
DL9O13000003,PKK.DN.IDSUB.2506.000268,SPB.IDSUB.0625.0001047,New,149.0,22.06,2025-06-27T18:30:00.000Z,RAMADHANI
735K13000007,PKK.DN.IDSUB.2506.000265,SPB.IDSUB.0625.0000677,New,147.0,34.45,2025-06-18T16:30:00.000Z,MITRA NUSANTARA
CNI113000005,PKK.DN.IDSUB.2506.000267,SPB.IDSUB.0625.0001003,New,151.0,33.65,2025-06-26T16:15:00.000Z,CITRA NUSANTARA INDAH
F48L13000005,PKK.DN.IDSUB.2506.000266,SPB.IDSUB.0725.0000880,New,336.0,42.17,2025-07-22T16:30:00.000Z,SAUDARAKU
292P13000003,PKK.DN.IDSUB.2506.000261,SPB.IDSUB.0625.0000789,Request PPKB,257.0,41.0,2025-06-22T00:00:00.000Z,PINDITO
AS5513000030,PKK.DN.IDSUB.2506.000247,SPB.IDSUB.0625.0000379,Realization,5320.0,120.6,2025-06-11T09:00:00.000Z,ARMADA SEGARA
111R13000060,PKK.DN.IDSUB.2506.000223,SPB.IDSUB.0625.0000428,Request PPKB,426.0,48.0,2025-06-12T09:55:00.000Z,RAAFIAH
MDO613000056,PKK.DN.IDSUB.2506.000220,SPB.IDSUB.0625.0000311,Realization,13853.0,161.85,2025-06-09T13:00:00.000Z,MERATUS MEDAN 1
MKNF13000001,PKK.DN.IDGRE.2506.000145,SPB.IDGRE.0625.0000280,Request PPKB,251.0,29.0,2025-06-13T11:00:00.000Z,HAKUNA 2001
BENX13000004,PKK.DN.IDGRE.2506.000143,SPB.IDGRE.0625.0000165,Request PPKB,167.0,38.0,2025-06-08T05:00:00.000Z,KUDA MAS
A17713000006,PKK.DN.IDSUB.2506.000188,SPB.IDSUB.0625.0000423,Request PPKB,295.0,47.98,2025-06-12T09:00:00.000Z,AYU 158
RAP613000005,PKK.DN.IDSUB.2506.000151,SPB.IDSUB.0625.0000588,New,137.0,27.39,2025-06-16T01:00:00.000Z,CAHAYA ZULFAJRUL 01
PQI513000062,PKK.DN.IDSUB.2506.000088,SPB.IDSUB.0625.0000232,Request PPKB,320.0,41.5,2025-06-07T14:00:00.000Z,HERLIN NUSANTARA 9
3U5L13000002,PKK.DN.IDSUB.2506.000075,SPB.IDSUB.0625.0000518,New,141.0,22.45,2025-06-14T16:30:00.000Z,HIDUP MAKMUR
FS6613000050,PKK.DN.IDSUB.2506.000066,SPB.IDSUB.0625.0000130,Request PPKB,310.0,47.81,2025-06-04T14:00:00.000Z,FAJAR SELATAN
DN3313000007,PKK.DN.IDSUB.2506.000035,SPB.IDSUB.0625.0000517,New,169.0,22.06,2025-06-14T16:15:00.000Z,DHARMA NUSANTARA
IM5513000009,PKK.DN.IDSUB.2506.000034,SPB.IDSUB.0625.0000438,New,172.0,36.54,2025-06-12T16:30:00.000Z,ISAH MULIA
7WWL13000016,PKK.DN.IDSUB.2506.000033,SPB.IDSUB.0625.0001046,New,249.0,41.0,2025-06-27T19:00:00.000Z,MADHANI
111R13000059,PKK.DN.IDSUB.2505.001249,SPB.IDSUB.0625.0000152,Request PPKB,426.0,48.0,2025-06-05T13:55:00.000Z,RAAFIAH
V1L213000002,PKK.DN.IDSUB.2505.001229,SPB.IDSUB.0625.0000230,New,95.0,25.83,2025-06-07T16:00:00.000Z,DUA PUTRI 04
BENX13000003,PKK.DN.IDGRE.2505.000770,SPB.IDGRE.0625.0000030,Request PPKB,167.0,38.0,2025-06-02T11:00:00.000Z,KUDA MAS
5JTB13000005,PKK.DN.IDGRE.2505.000766,SPB.IDGRE.0625.0000057,Realization,279.0,36.97,2025-06-03T23:00:00.000Z,RAHMAT MULIA SETIA
YDT613000012,PKK.DN.IDSUB.2505.001148,SPB.IDSUB.0625.0000255,Request PPKB,256.0,42.0,2025-06-08T09:00:00.000Z,GRAHA DUA TIGA
H12213000031,PKK.DN.IDSUB.2505.001131,SPB.IDSUB.0625.0000254,Request PPKB,275.0,39.0,2025-06-08T08:15:00.000Z,HUBMAR - 14
SKJI13000027,PKK.DN.IDGRE.2505.000741,SPB.IDGRE.0625.0000251,Request PPKB,224.0,36.7,2025-06-11T16:00:00.000Z,SRI KENCANA JAYA III
101N13000012,PKK.DN.IDSUB.2505.001095,SPB.IDSUB.0625.0001043,Realization,646.0,55.4,2025-06-27T12:00:00.000Z,NIGATA
C6OR13000008,PKK.DN.IDSUB.2505.001059,SPB.IDSUB.0625.0000393,New,231.0,39.25,2025-06-11T16:30:00.000Z,AISYAH
TFGM13000001,PKK.DN.IDSUB.2505.001058,SPB.IDSUB.0625.0000337,New,104.0,24.8,2025-06-10T16:30:00.000Z,BINA SURGA LIMA
VZYA13000005,PKK.DN.IDSUB.2505.001061,SPB.IDSUB.0625.0000042,New,149.0,33.34,2025-06-02T04:00:00.000Z,KARYA ILAHI
GCPL13000016,PKK.DN.IDSUB.2505.001057,SPB.IDSUB.0625.0000799,New,213.0,27.15,2025-06-21T16:30:00.000Z,RAHMAT SEJATI
XCGQ13000002,PKK.DN.IDSUB.2505.001040,SPB.IDSUB.0625.0000252,Request PPKB,280.0,42.13,2025-06-08T04:00:00.000Z,SAMAMBAIA
MDF913000036,PKK.DN.IDSUB.2505.001032,SPB.IDSUB.0525.0001197,Realization,3668.0,106.68,2025-05-30T13:00:00.000Z,MERATUS BENOA
8O5D13000003,PKK.DN.IDGRE.2505.000685,SPB.IDGRE.0625.0000041,New,2528.0,82.3,2025-06-02T12:00:00.000Z,SG 2738
GP5413000003,PKK.DN.IDGRE.2505.000684,SPB.IDGRE.0625.0000037,New,141.0,23.5,2025-06-02T12:00:00.000Z,GLOBAL 1238
V6TP13000001,PKK.DN.IDGRE.2505.000678,SPB.IDGRE.0625.0000542,Realization,3186.0,91.44,2025-06-21T14:00:00.000Z,AMB LEONARDO 01
NNK113000001,PKK.DN.IDGRE.2505.000676,SPB.IDGRE.0625.0000541,Request PPKB,263.0,30.2,2025-06-21T14:00:00.000Z,NUNUKAN 1
S08213000017,PKK.DN.IDGRE.2505.000659,SPB.IDGRE.0525.0000737,Request PPKB,315.0,46.34,2025-05-27T16:00:00.000Z,SATURN III
MDI913000009,PKK.LN.IDGRE.2505.000652,SPB.IDGRE.0525.0000701,New,7057.0,121.4,2025-05-26T16:00:00.000Z,MT. SANDRO
434A13000003,PKK.DN.IDSUB.2505.000975,SPB.IDSUB.0625.0000314,Request PPKB,205.0,34.15,2025-06-09T14:00:00.000Z,ARENUI
P0IE13000156,PKK.DN.IDGRE.2505.000624,SPB.IDGRE.0525.0000662,Realization,287.0,41.6,2025-05-25T02:00:00.000Z,EXPRESS BAHARI 3F
H2K713000002,PKK.DN.IDGRE.2505.000585,SPB.IDGRE.0525.0000768,Request PPKB,376.0,41.65,2025-05-29T03:00:00.000Z,PERMADANI SETIA
AP1313000013,PKK.DN.IDSUB.2505.000890,SPB.IDSUB.0525.0001127,Realization,691.0,57.6,2025-05-28T16:00:00.000Z,ASIA PACIFIC - 1
IG0013000003,PKK.DN.IDSUB.2505.000877,SPB.IDSUB.0525.0000991,Request PPKB,18306.0,166.0,2025-05-25T11:00:00.000Z,ISA GOLDEN
S17513000010,PKK.DN.IDSUB.2505.000860,SPB.IDSUB.0625.0000177,Realization,1701.0,76.39,2025-06-05T19:00:00.000Z,SHINPO 19
PH3313000017,PKK.DN.IDSUB.2505.000845,SPB.IDSUB.0625.0000718,Request PPKB,166.0,41.92,2025-06-19T12:20:00.000Z,NABIL 99
3B8E13000002,PKK.DN.IDGRE.2505.000536,SPB.IDGRE.0525.0000623,New,2843.0,82.3,2025-05-23T23:00:00.000Z,SUMBER JAYA 2730
EB6013000157,PKK.DN.IDGRE.2505.000526,SPB.IDGRE.0525.0000624,Realization,193.0,35.5,2025-05-24T02:00:00.000Z,EXPRESS BAHARI 6F
YDT613000011,PKK.DN.IDSUB.2505.000814,SPB.IDSUB.0525.0001041,Request PPKB,256.0,42.0,2025-05-26T16:00:00.000Z,GRAHA DUA TIGA
SKJI13000026,PKK.DN.IDGRE.2505.000518,SPB.IDGRE.0525.0000649,Request PPKB,224.0,36.7,2025-05-24T23:00:00.000Z,SRI KENCANA JAYA III
NII013000002,PKK.DN.IDSUB.2505.000792,SPB.IDSUB.0525.0001071,New,99.0,32.54,2025-05-27T16:00:00.000Z,NUSANTARA INDAH II
PQI513000061,PKK.DN.IDSUB.2505.000731,SPB.IDSUB.0525.0001130,Request PPKB,320.0,41.5,2025-05-28T14:00:00.000Z,HERLIN NUSANTARA 9
111R13000057,PKK.DN.IDSUB.2505.000722,SPB.IDSUB.0525.0000833,Request PPKB,426.0,48.0,2025-05-21T16:55:00.000Z,RAAFIAH
H12213000029,PKK.DN.IDSUB.2505.000712,SPB.IDSUB.0525.0001115,Request PPKB,275.0,39.0,2025-05-28T09:51:00.000Z,HUBMAR - 14
BENX13000002,PKK.DN.IDGRE.2505.000453,SPB.IDGRE.0525.0000572,Request PPKB,167.0,38.0,2025-05-21T16:00:00.000Z,KUDA MAS
PH3313000016,PKK.DN.IDSUB.2505.000704,SPB.IDSUB.0525.0000781,Request PPKB,166.0,41.92,2025-05-20T10:00:00.000Z,NABIL 99
VMDG13000008,PKK.DN.IDSUB.2505.000689,SPB.IDSUB.0525.0001016,New,163.0,37.61,2025-05-26T04:00:00.000Z,DARMA SURYA
T6YY13000015,PKK.DN.IDGRE.2505.000412,SPB.IDGRE.0525.0000561,Realization,206.0,23.99,2025-05-21T13:00:00.000Z,FITRA BERKAH BERSAMA
666T13000002,PKK.DN.IDSUB.2505.000633,SPB.IDSUB.0525.0001067,Request PPKB,285.0,45.62,2025-05-27T13:00:00.000Z,TIARE
5MSV13000001,PKK.DN.IDGRE.2505.000387,SPB.IDGRE.0525.0000472,New,2102.0,82.3,2025-05-18T23:00:00.000Z,SEA HORSE 05
V8R713000001,PKK.DN.IDGRE.2505.000386,SPB.IDGRE.0525.0000473,New,198.0,26.0,2025-05-18T23:00:00.000Z,CIPTA 1602
H17713000012,PKK.DN.IDSUB.2505.000607,SPB.IDSUB.0725.0000371,Request PPKB,322.0,42.99,2025-07-10T11:00:00.000Z,HARTADIKA 1
111R13000056,PKK.DN.IDSUB.2505.000583,SPB.IDSUB.0525.0000679,Request PPKB,426.0,48.0,2025-05-17T16:55:00.000Z,RAAFIAH
BNUI13000020,PKK.DN.IDGRE.2505.000361,SPB.IDGRE.0525.0000614,Realization,498.0,44.0,2025-05-23T20:00:00.000Z,BERKAT NUR INAYAH
AM1413000009,PKK.DN.IDSUB.2505.000492,SPB.IDSUB.0525.0000832,Realization,1074.0,59.1,2025-05-21T15:00:00.000Z,ARTHA MULIA 1
735K13000006,PKK.DN.IDSUB.2505.000473,SPB.IDSUB.0525.0000668,New,147.0,34.45,2025-05-17T16:30:00.000Z,MITRA NUSANTARA
5NYM13000007,PKK.DN.IDSUB.2505.000426,SPB.IDSUB.0525.0000663,Request PPKB,138.0,23.77,2025-05-17T19:00:00.000Z,KANAKA - 10
111R13000055,PKK.DN.IDSUB.2505.000379,SPB.IDSUB.0525.0000488,Request PPKB,426.0,48.0,2025-05-13T16:55:00.000Z,RAAFIAH
XSH613000001,PKK.DN.IDSUB.2505.000378,SPB.IDSUB.0525.0000742,New,114.0,27.02,2025-05-19T10:00:00.000Z,CAHAYA AKBAR 5
H12213000027,PKK.DN.IDSUB.2505.000371,SPB.IDSUB.0525.0000700,Request PPKB,275.0,39.0,2025-05-18T11:00:00.000Z,HUBMAR - 14
N77413000001,PKK.DN.IDGRE.2505.000242,SPB.IDGRE.0525.0000237,Request PPKB,109.0,27.85,2025-05-10T07:00:00.000Z,MANTA
PQI513000060,PKK.DN.IDSUB.2505.000354,SPB.IDSUB.0525.0000717,Request PPKB,320.0,41.5,2025-05-18T14:00:00.000Z,HERLIN NUSANTARA 9
IM5513000008,PKK.DN.IDSUB.2504.000703,SPB.IDSUB.0525.0000301,New,172.0,36.54,2025-05-08T14:00:00.000Z,ISAH MULIA
VNC213000016,PKK.DN.IDGRE.2505.000206,SPB.IDGRE.0525.0000609,Realization,261.0,27.36,2025-05-23T13:00:00.000Z,SALAM SETIA
HTNS13000010,PKK.DN.IDGRE.2505.000199,SPB.IDGRE.0525.0000608,Realization,259.0,38.95,2025-05-23T13:00:00.000Z,HATI NOERANI SETIA
AJ6213000004,PKK.DN.IDSUB.2505.000257,SPB.IDSUB.0525.0000520,Realization,6679.0,119.9,2025-05-14T10:30:00.000Z,MERATUS KATINGAN
J90J13000001,PKK.DN.IDSUB.2505.000253,SPB.IDSUB.0525.0000737,New,97.0,24.76,2025-05-19T06:00:00.000Z,AFIRA NUSANTARA
3XR913000004,PKK.DN.IDSUB.2505.000254,SPB.IDSUB.0525.0001124,New,66.0,23.5,2025-05-28T16:00:00.000Z,CAHAYA IMAN
73ET13000006,PKK.DN.IDSUB.2505.000243,SPB.IDSUB.0525.0000943,Realization,3769.0,105.13,2025-05-23T23:30:00.000Z,LUCKY STAR I
PQI513000059,PKK.DN.IDSUB.2505.000233,SPB.IDSUB.0525.0000296,Request PPKB,320.0,41.5,2025-05-08T10:00:00.000Z,HERLIN NUSANTARA 9
A02713000045,PKK.DN.IDSUB.2505.000226,SPB.IDSUB.0525.0000292,Realization,5320.0,120.6,2025-05-08T09:00:00.000Z,ARMADA SENADA
PTI113000003,PKK.DN.IDGRE.2505.000075,SPB.IDGRE.0925.0000476,Realization,244.0,42.0,2025-09-17T15:00:00.000Z,PACIFIC TRADER III
NHIE13000006,PKK.DN.IDSUB.2505.000189,SPB.IDSUB.0525.0001246,New,98.0,29.58,2025-05-31T23:00:00.000Z,HASIL FAJRUL UTAMA
O02E13000001,PKK.DN.IDSUB.2505.000182,SPB.IDSUB.0525.0000753,New,530.0,45.35,2025-05-19T15:00:00.000Z,CUCUT
SUHK13000004,PKK.DN.IDGRE.2505.000122,SPB.IDGRE.0525.0000734,Realization,297.0,33.0,2025-05-27T14:00:00.000Z,SUMBER HARAPAN KELUARGA
L00913000001,PKK.DN.IDSUB.2505.000137,SPB.IDSUB.0525.0000799,Request PPKB,951.0,60.39,2025-05-20T14:00:00.000Z,LABITRA SAFINAF
111R13000054,PKK.DN.IDSUB.2505.000115,SPB.IDSUB.0525.0000232,Request PPKB,426.0,48.0,2025-05-06T16:55:00.000Z,RAAFIAH
H12213000025,PKK.DN.IDSUB.2505.000114,SPB.IDSUB.0525.0000339,Request PPKB,275.0,39.0,2025-05-09T15:00:00.000Z,HUBMAR - 14
FS6613000048,PKK.DN.IDSUB.2505.000081,SPB.IDSUB.0525.0001193,Request PPKB,310.0,47.81,2025-05-30T12:00:00.000Z,FAJAR SELATAN
222V13000012,PKK.DN.IDSUB.2505.000077,SPB.IDSUB.0525.0000886,Realization,680.0,58.2,2025-05-22T14:00:00.000Z,VELOCITY
2A8Y13000001,PKK.DN.IDSUB.2505.000071,SPB.IDSUB.0525.0000066,New,192.0,31.5,2025-05-03T00:00:00.000Z,JOKOTOLE
J10013000010,PKK.DN.IDGRE.2505.000056,SPB.IDGRE.0525.0000146,Request PPKB,332.0,47.78,2025-05-06T16:00:00.000Z,JAYANTI 1
PI3313000018,PKK.DN.IDSUB.2505.000050,SPB.IDSUB.0525.0001093,Realization,717.0,53.35,2025-05-28T00:00:00.000Z,PERMATA INDAH
3VVO13000001,PKK.DN.IDSUB.2505.000045,SPB.IDSUB.0525.0000752,Request PPKB,171.0,36.9,2025-05-19T22:00:00.000Z,AL II KAI
V1L213000001,PKK.DN.IDSUB.2505.000012,SPB.IDSUB.0525.0000222,New,95.0,25.83,2025-05-06T11:00:00.000Z,DUA PUTRI 04
HOWU13000003,PKK.DN.IDSUB.2504.001037,SPB.IDSUB.0725.0000557,Request PPKB,82.0,27.53,2025-07-14T10:00:00.000Z,NOOR HIDAYAH
I4AH13000003,PKK.DN.IDSUB.2504.001026,SPB.IDSUB.0725.0000418,New,123.0,22.31,2025-07-11T07:00:00.000Z,MULIA UTAMA
BENX13000001,PKK.DN.IDGRE.2504.000688,SPB.IDGRE.0525.0000288,Request PPKB,167.0,38.0,2025-05-12T16:00:00.000Z,KUDA MAS
A08713000002,PKK.DN.IDGRE.2504.000687,SPB.IDGRE.0525.0000070,New,3177.0,91.5,2025-05-04T00:30:00.000Z,APURA 087
A08813000002,PKK.DN.IDGRE.2504.000686,SPB.IDGRE.0525.0000069,New,251.0,28.05,2025-05-04T00:30:00.000Z,APURA 88
NCSM13000011,PKK.DN.IDSUB.2504.000986,SPB.IDSUB.0525.0000884,Request PPKB,325.0,32.83,2025-05-22T16:00:00.000Z,TPS BETA
TJUY13000001,PKK.DN.IDGRE.2504.000677,SPB.IDGRE.0525.0000588,Realization,493.0,46.0,2025-05-23T01:00:00.000Z,CAHAYA RAMA SETIA
111R13000053,PKK.DN.IDSUB.2504.000981,SPB.IDSUB.0525.0000024,Request PPKB,426.0,48.0,2025-05-01T16:55:00.000Z,RAAFIAH
SKC513000003,PKK.DN.IDSUB.2504.000979,SPB.IDSUB.0825.0000166,New,253.0,35.42,2025-08-05T16:30:00.000Z,HISYAM
PQI513000058,PKK.DN.IDSUB.2504.000974,SPB.IDSUB.0525.0000186,Request PPKB,320.0,41.5,2025-05-05T15:00:00.000Z,HERLIN NUSANTARA 9
RRJE13000014,PKK.DN.IDSUB.2504.000962,SPB.IDSUB.0525.0001119,New,101.0,23.85,2025-05-28T16:30:00.000Z,GRYA IDOLA
DN3313000006,PKK.DN.IDSUB.2504.000963,SPB.IDSUB.0525.0000216,New,169.0,22.06,2025-05-06T15:30:00.000Z,DHARMA NUSANTARA
5NYM13000005,PKK.DN.IDSUB.2504.000934,SPB.IDSUB.0525.0000334,Request PPKB,138.0,23.77,2025-05-09T08:00:00.000Z,KANAKA - 10
TBEY13000003,PKK.DN.IDSUB.2504.000918,SPB.IDSUB.0525.0000664,Request PPKB,867.0,55.83,2025-05-17T19:00:00.000Z,INSAM 04
L8NQ13000004,PKK.DN.IDGRE.2504.000627,SPB.IDGRE.0525.0000089,Request PPKB,122.0,22.35,2025-05-04T16:00:00.000Z,MANUNGGAL 09
CNI113000004,PKK.DN.IDSUB.2504.000848,SPB.IDSUB.0525.0000300,New,151.0,33.65,2025-05-08T14:00:00.000Z,CITRA NUSANTARA INDAH
PQI513000057,PKK.DN.IDSUB.2504.000835,SPB.IDSUB.0425.0000891,Request PPKB,320.0,41.5,2025-04-27T09:00:00.000Z,HERLIN NUSANTARA 9
FS6613000047,PKK.DN.IDSUB.2504.000830,SPB.IDSUB.0425.0001020,Request PPKB,310.0,47.81,2025-04-30T14:00:00.000Z,FAJAR SELATAN
H12213000023,PKK.DN.IDSUB.2504.000747,SPB.IDSUB.0525.0000064,Request PPKB,275.0,39.0,2025-05-02T16:55:00.000Z,HUBMAR - 14
SKJI13000024,PKK.DN.IDGRE.2504.000510,SPB.IDGRE.0425.0000594,Request PPKB,224.0,36.7,2025-04-23T23:00:00.000Z,SRI KENCANA JAYA III
111R13000052,PKK.DN.IDSUB.2504.000745,SPB.IDSUB.0425.0000938,Request PPKB,426.0,48.0,2025-04-28T14:00:00.000Z,RAAFIAH
PQI513000056,PKK.DN.IDSUB.2504.000733,SPB.IDSUB.0425.0000781,Request PPKB,320.0,41.5,2025-04-24T13:00:00.000Z,HERLIN NUSANTARA 9
C5SG13000005,PKK.DN.IDGRE.2504.000483,SPB.IDGRE.0425.0000651,Request PPKB,82.0,21.45,2025-04-25T16:00:00.000Z,SINAR AVONA 1
SN1413000010,PKK.DN.IDSUB.2504.000718,SPB.IDSUB.0525.0000312,Request PPKB,797.0,54.6,2025-05-08T14:00:00.000Z,SINAR NUSANTARA 11
MK9913000016,PKK.DN.IDSUB.2504.000651,SPB.IDSUB.0425.0000767,Realization,6626.0,119.9,2025-04-24T04:00:00.000Z,MERATUS KAMPAR
JMSI13000001,PKK.DN.IDSUB.2504.000649,SPB.IDSUB.0625.0000136,New,126.0,23.0,2025-06-04T22:00:00.000Z,JMS 1
QM3D13000001,PKK.DN.IDSUB.2504.000648,SPB.IDSUB.0625.0000137,New,637.0,54.9,2025-06-04T22:00:00.000Z,GUNUNG DIENG
3U5L13000001,PKK.DN.IDSUB.2504.000641,SPB.IDSUB.0425.0000984,New,141.0,22.45,2025-04-29T12:00:00.000Z,HIDUP MAKMUR
PFR613000002,PKK.DN.IDGRE.2504.000420,SPB.IDGRE.0425.0000664,Request PPKB,291.0,40.9,2025-04-26T16:00:00.000Z,LUMBA LUMBA II
CPT113000001,PKK.DN.IDGRE.2504.000418,SPB.IDGRE.0425.0000553,New,122.0,23.5,2025-04-22T23:00:00.000Z,CIPTA 1201
STR213000001,PKK.DN.IDGRE.2504.000419,SPB.IDGRE.0425.0000554,New,1818.0,73.15,2025-04-22T23:00:00.000Z,SATRIA 2401
IGUL13000013,PKK.DN.IDSUB.2504.000583,SPB.IDSUB.0525.0000716,New,169.0,31.5,2025-05-18T23:00:00.000Z,MUTIARA INTI PERMATA
PFC713000006,PKK.DN.IDGRE.2504.000399,SPB.IDGRE.0525.0000611,Realization,299.0,38.84,2025-05-23T06:19:00.000Z,PUTRA UTAMA JAYA
TS9Y13000001,PKK.DN.IDSUB.2504.000554,SPB.IDSUB.0525.0000526,Request PPKB,253.0,37.5,2025-05-14T14:00:00.000Z,CHENG HO
111R13000051,PKK.DN.IDSUB.2504.000548,SPB.IDSUB.0425.0000666,Request PPKB,426.0,4.0,2025-04-21T16:55:00.000Z,RAAFIAH
PQI513000055,PKK.DN.IDSUB.2504.000541,SPB.IDSUB.0425.0000659,Request PPKB,320.0,41.5,2025-04-21T11:00:00.000Z,HERLIN NUSANTARA 9
HNVR13000009,PKK.DN.IDSUB.2504.000538,SPB.IDSUB.0525.0000777,New,239.0,39.31,2025-05-20T06:00:00.000Z,BERKAH BUANA INDAH
PUA913000003,PKK.DN.IDSUB.2504.000489,SPB.IDSUB.0425.0000534,Request PPKB,369.0,51.1,2025-04-18T13:00:00.000Z,DEKTOS 101
RAP613000004,PKK.DN.IDSUB.2504.000482,SPB.IDSUB.0525.0000210,New,137.0,27.39,2025-05-06T09:00:00.000Z,CAHAYA ZULFAJRUL 01
DM4413000007,PKK.DN.IDSUB.2504.000430,SPB.IDSUB.0425.0001010,New,159.0,29.34,2025-04-30T16:30:00.000Z,DHARMA MALULU
VZYA13000004,PKK.DN.IDSUB.2504.000428,SPB.IDSUB.0525.0000046,New,149.0,33.34,2025-05-02T04:30:00.000Z,KARYA ILAHI
PA3313000008,PKK.DN.IDSUB.2504.000366,SPB.IDSUB.0425.0000769,Realization,662.0,53.3,2025-04-24T08:00:00.000Z,PERMATA ABADI
T72J13000002,PKK.DN.IDSUB.2504.000361,SPB.IDSUB.0425.0000652,New,98.0,28.85,2025-04-21T11:00:00.000Z,MITRA BAHARI
T8UF13000001,PKK.DN.IDSUB.2504.000349,SPB.IDSUB.0525.0000916,Request PPKB,211.0,31.2,2025-05-23T11:00:00.000Z,RADHIYYA
PFR613000001,PKK.DN.IDSUB.2504.000318,SPB.IDSUB.0425.0000565,Request PPKB,291.0,40.9,2025-04-19T09:00:00.000Z,LUMBA LUMBA II
111R13000050,PKK.DN.IDSUB.2504.000268,SPB.IDSUB.0425.0000455,Request PPKB,426.0,48.0,2025-04-16T16:00:00.000Z,RAAFIAH
111R13000043,PKK.DN.IDSUB.2501.000061,SPB.IDSUB.0225.0000414,Request PPKB,426.0,48.0,2025-02-12T16:00:00.000Z,RAAFIAH
SA6713000001,PKK.DN.IDSUB.2503.000673,SPB.IDSUB.0525.0000621,Realization,158.0,23.0,2025-05-16T11:00:00.000Z,SABANG - 67
68B913000001,PKK.DN.IDGRE.2504.000168,SPB.IDGRE.0425.0000337,Request PPKB,489.0,46.93,2025-04-15T09:00:00.000Z,PUTRA RAMA JAYA
PQI513000054,PKK.DN.IDSUB.2504.000144,SPB.IDSUB.0425.0000456,Request PPKB,320.0,41.5,2025-04-16T16:00:00.000Z,HERLIN NUSANTARA 9
111R13000049,PKK.DN.IDSUB.2504.000141,SPB.IDSUB.0425.0000189,Request PPKB,426.0,48.0,2025-04-09T16:00:00.000Z,RAAFIAH
H17713000011,PKK.DN.IDSUB.2504.000102,SPB.IDSUB.0525.0000487,Request PPKB,322.0,42.99,2025-05-13T16:56:00.000Z,HARTADIKA 1
CS2213000012,PKK.DN.IDSUB.2504.000087,SPB.IDSUB.0425.0001006,Realization,651.0,52.55,2025-04-30T03:00:00.000Z,CIPTA SARANA
6M2N13000001,PKK.DN.IDSUB.2504.000080,SPB.IDSUB.0525.0000251,New,229.0,24.38,2025-05-07T16:30:00.000Z,MINAL RAHMAT
735K13000005,PKK.DN.IDSUB.2504.000081,SPB.IDSUB.0425.0000559,New,147.0,34.45,2025-04-19T04:00:00.000Z,MITRA NUSANTARA
B03013000001,PKK.DN.IDSUB.2504.000040,SPB.IDSUB.0525.0000740,Realization,1632.0,78.8,2025-05-19T08:00:00.000Z,BUDI MULIA 68
TPJU13000002,PKK.DN.IDGRE.2504.000020,SPB.IDGRE.0425.0000185,New,2843.0,82.3,2025-04-09T11:00:00.000Z,SUMBER JAYA 2750
SA5513000002,PKK.DN.IDGRE.2504.000017,SPB.IDGRE.0425.0000193,New,163.0,25.0,2025-04-09T11:00:00.000Z,SABANG 55
PUA913000002,PKK.DN.IDSUB.2504.000009,SPB.IDSUB.0425.0000031,Request PPKB,369.0,51.1,2025-04-02T16:00:00.000Z,DEKTOS 101
7WWL13000015,PKK.DN.IDSUB.2503.001158,SPB.IDSUB.0425.0000905,New,249.0,41.0,2025-04-27T16:30:00.000Z,MADHANI
PQI513000053,PKK.DN.IDSUB.2503.001129,SPB.IDSUB.0425.0000095,Request PPKB,320.0,41.5,2025-04-06T08:00:00.000Z,HERLIN NUSANTARA 9
MLVI13000001,PKK.DN.IDGRE.2503.000793,SPB.IDGRE.0425.0000312,New,207.0,28.8,2025-04-14T06:00:00.000Z,MICHELLE VI
BNVI13000001,PKK.DN.IDGRE.2503.000792,SPB.IDGRE.0425.0000311,New,3265.0,94.49,2025-04-14T06:00:00.000Z,BENAMI VI
MN8013000014,PKK.DN.IDSUB.2503.001103,SPB.IDSUB.0425.0000721,Realization,679.0,57.0,2025-04-23T01:00:00.000Z,MULTI NIAGA 8
FS6613000046,PKK.DN.IDSUB.2503.001102,SPB.IDSUB.0425.0000454,Request PPKB,310.0,47.81,2025-04-16T11:00:00.000Z,FAJAR SELATAN
111R13000048,PKK.DN.IDSUB.2503.001009,SPB.IDSUB.0425.0000004,Request PPKB,426.0,48.0,2025-04-01T08:00:00.000Z,RAAFIAH
MFGW13000015,PKK.DN.IDSUB.2503.000972,SPB.IDSUB.0425.0000343,New,277.0,39.15,2025-04-13T12:00:00.000Z,MURNI II
GCPL13000015,PKK.DN.IDSUB.2503.000970,SPB.IDSUB.0525.0000380,New,213.0,27.15,2025-05-10T15:30:00.000Z,RAHMAT SEJATI
H12213000021,PKK.DN.IDSUB.2503.000953,SPB.IDSUB.0425.0000689,Request PPKB,275.0,39.0,2025-04-22T13:30:00.000Z,HUBMAR - 14
KU0013000007,PKK.DN.IDSUB.2503.000872,SPB.IDSUB.0525.0000322,Realization,526.0,49.95,2025-05-08T23:00:00.000Z,KALIMAS UTAMA
IN0013000013,PKK.DN.IDSUB.2503.000834,SPB.IDSUB.0425.0001001,Request PPKB,669.0,57.91,2025-04-30T01:00:00.000Z,IS NO 5
TTQF13000001,PKK.DN.IDGRE.2503.000594,SPB.IDGRE.0325.0000682,New,3964.0,91.44,2025-03-25T05:00:00.000Z,NAP 338
MD8313000001,PKK.DN.IDGRE.2503.000593,SPB.IDGRE.0325.0000683,New,192.0,26.0,2025-03-25T05:00:00.000Z,MAJU DAYA 83
MI8B13000002,PKK.DN.IDGRE.2503.000554,SPB.IDGRE.0425.0000467,Request PPKB,295.0,30.53,2025-04-19T23:00:00.000Z,SAMBUNG RASA V
H8LF13000003,PKK.DN.IDSUB.2503.000771,SPB.IDSUB.0325.0000769,Request PPKB,7098.0,124.0,2025-03-20T16:55:00.000Z,HARSANADI
SK0013000005,PKK.DN.IDSUB.2503.000768,SPB.IDSUB.0425.0000484,Realization,482.0,46.85,2025-04-17T07:00:00.000Z,SHANELIN K
ES2F13000002,PKK.DN.IDGRE.2503.000540,SPB.IDGRE.0325.0000638,New,154.0,25.0,2025-03-22T23:00:00.000Z,APURA 09
AP9913000003,PKK.DN.IDGRE.2503.000541,SPB.IDGRE.0325.0000637,New,3578.0,94.49,2025-03-22T23:00:00.000Z,APURA 099
111R13000047,PKK.DN.IDSUB.2503.000726,SPB.IDSUB.0325.0000918,Request PPKB,426.0,48.0,2025-03-24T16:00:00.000Z,RAAFIAH
PQI513000052,PKK.DN.IDSUB.2503.000713,SPB.IDSUB.0325.0000988,Request PPKB,320.0,41.5,2025-03-26T07:00:00.000Z,HERLIN NUSANTARA 9
AG1513000013,PKK.DN.IDSUB.2501.000936,SPB.IDSUB.0225.0000245,Request PPKB,2880.0,81.59,2025-02-08T08:00:00.000Z,AS GLORY 15
JMI013000002,PKK.DN.IDGRE.2503.000458,SPB.IDGRE.0525.0000781,New,738.0,54.06,2025-05-29T16:00:00.000Z,JAYA MUKTI I
FRI813000004,PKK.DN.IDSUB.2503.000626,SPB.IDSUB.0825.0000261,Request PPKB,425.0,29.0,2025-08-07T16:00:00.000Z,JAYANEGARA 305
H12213000020,PKK.DN.IDSUB.2503.000597,SPB.IDSUB.0325.0000673,Request PPKB,275.0,39.0,2025-03-18T11:00:00.000Z,HUBMAR - 14
F48L13000004,PKK.DN.IDSUB.2503.000568,SPB.IDSUB.0325.0001149,New,336.0,42.17,2025-03-30T16:30:00.000Z,SAUDARAKU
MFGW13000014,PKK.DN.IDGRE.2503.000389,SPB.IDGRE.0325.0000420,Request PPKB,277.0,39.15,2025-03-14T09:00:00.000Z,MURNI II
C6OR13000007,PKK.DN.IDSUB.2503.000529,SPB.IDSUB.0325.0001150,New,231.0,39.25,2025-03-30T16:30:00.000Z,AISYAH
Q5C313000001,PKK.DN.IDGRE.2503.000385,SPB.IDGRE.0325.0000501,New,232.0,27.0,2025-03-17T16:00:00.000Z,SYUKUR 70
AZKG13000001,PKK.DN.IDGRE.2503.000384,SPB.IDGRE.0325.0000502,New,3099.0,91.44,2025-03-17T16:00:00.000Z,SYUKUR 71
MM1313000005,PKK.DN.IDGRE.2503.000371,SPB.IDGRE.0325.0000828,Request PPKB,822.0,54.86,2025-03-30T01:00:00.000Z,PANCA NABATI
JY6013000005,PKK.DN.IDGRE.2503.000370,SPB.IDGRE.0325.0000827,Request PPKB,64.0,18.63,2025-03-30T01:00:00.000Z,GLOBAL MANDIRI - II
RRJE13000013,PKK.DN.IDSUB.2503.000375,SPB.IDSUB.0425.0000474,New,101.0,23.85,2025-04-17T04:00:00.000Z,GRYA IDOLA
FFJ213000001,PKK.DN.IDSUB.2503.000347,SPB.IDSUB.0825.0000620,Request PPKB,305.0,35.75,2025-08-16T14:00:00.000Z,HEXEN ARGO 005
5CWH13000001,PKK.DN.IDSUB.2503.000346,SPB.IDSUB.0625.0000499,Request PPKB,268.0,34.65,2025-06-14T00:00:00.000Z,HEXEN ARGO 003
RN7113000004,PKK.DN.IDGRE.2503.000234,SPB.IDGRE.0425.0000268,Realization,77.0,18.0,2025-04-12T04:00:00.000Z,BAMA SATU
111R13000046,PKK.DN.IDSUB.2503.000312,SPB.IDSUB.0325.0000603,Request PPKB,426.0,48.0,2025-03-16T16:00:00.000Z,RAAFIAH
93BL13000001,PKK.DN.IDGRE.2503.000198,SPB.IDGRE.0325.0000630,New,3271.0,91.44,2025-03-22T16:00:00.000Z,PACIFIC 3021
ONEP13000001,PKK.DN.IDGRE.2503.000197,SPB.IDGRE.0325.0000629,New,239.0,28.55,2025-03-22T16:00:00.000Z,PACIFIC TWENTY ONE
PQI513000051,PKK.DN.IDSUB.2503.000259,SPB.IDSUB.0325.0000593,Request PPKB,320.0,41.5,2025-03-16T09:00:00.000Z,HERLIN NUSANTARA 9
H12213000019,PKK.DN.IDSUB.2502.000598,SPB.IDSUB.0325.0000318,Request PPKB,275.0,39.0,2025-03-09T10:00:00.000Z,HUBMAR - 14
B50013000080,PKK.DN.IDSUB.2503.000195,SPB.IDSUB.0325.0000440,Realization,755.0,65.22,2025-03-12T15:00:00.000Z,BARUNA 58-I
222H13000028,PKK.DN.IDSUB.2503.000188,SPB.IDSUB.0325.0000602,Realization,986.0,75.54,2025-03-16T16:55:00.000Z,HAFIDYAH
906R13000001,PKK.DN.IDGRE.2503.000131,SPB.IDGRE.0325.0000465,New,2843.0,82.3,2025-03-15T23:00:00.000Z,SUMBER JAYA 2752
KA2313000002,PKK.DN.IDGRE.2503.000130,SPB.IDGRE.0325.0000464,New,159.0,25.0,2025-03-15T23:00:00.000Z,KARYA AGUNG 23
ALD113000003,PKK.DN.IDSUB.2503.000151,SPB.IDSUB.0325.0000789,Request PPKB,446.0,54.53,2025-03-21T22:00:00.000Z,AYANA LAKO DI A
GCPL13000014,PKK.DN.IDSUB.2503.000121,SPB.IDSUB.0325.0000515,New,213.0,27.15,2025-03-14T12:00:00.000Z,RAHMAT SEJATI
PQI513000050,PKK.DN.IDSUB.2503.000061,SPB.IDSUB.0325.0000192,Request PPKB,320.0,41.5,2025-03-06T06:00:00.000Z,HERLIN NUSANTARA 9
2SXY13000001,PKK.DN.IDGRE.2503.000041,SPB.IDGRE.0325.0000477,New,292.0,29.01,2025-03-16T16:00:00.000Z,MANDIRI 3
DIAA13000001,PKK.DN.IDGRE.2503.000040,SPB.IDGRE.0325.0000476,New,2144.0,82.3,2025-03-16T16:00:00.000Z,DIA
BP3713000004,PKK.DN.IDSUB.2502.001047,SPB.IDSUB.0825.0000865,Request PPKB,256.0,30.0,2025-08-22T23:00:00.000Z,KRESNA 3116
MT6613000009,PKK.LN.IDGRE.2502.000781,SPB.IDGRE.0325.0000040,New,5598.0,113.09,2025-03-02T05:00:00.000Z,MT. TRISTEN
GX2013000005,PKK.DN.IDSUB.2502.001016,SPB.IDSUB.0325.0000786,New,147.0,31.96,2025-03-21T09:00:00.000Z,BONERATE KING
TLMI13000004,PKK.LN.IDGRE.2502.000692,SPB.IDGRE.0325.0000654,Request PPKB,17136.0,159.0,2025-03-23T14:00:00.000Z,MV. DD VIGILANT
PQI513000049,PKK.DN.IDSUB.2502.000927,SPB.IDSUB.0325.0000007,Request PPKB,320.0,41.5,2025-03-01T08:00:00.000Z,HERLIN NUSANTARA 9
EA2013000002,PKK.DN.IDGRE.2502.000640,SPB.IDGRE.0325.0000403,New,158.0,26.0,2025-03-13T23:00:00.000Z,ERINA 201
S02T13000002,PKK.DN.IDGRE.2502.000639,SPB.IDGRE.0325.0000401,New,3141.0,91.44,2025-03-13T23:00:00.000Z,SANTAN 302
111R13000045,PKK.DN.IDSUB.2502.000842,SPB.IDSUB.0325.0000108,Request PPKB,426.0,48.0,2025-03-04T08:00:00.000Z,RAAFIAH
H17713000010,PKK.DN.IDSUB.2502.000786,SPB.IDSUB.0425.0000012,Request PPKB,322.0,42.99,2025-04-01T16:54:00.000Z,HARTADIKA 1
111R13000044,PKK.DN.IDSUB.2502.000597,SPB.IDSUB.0225.0000759,Request PPKB,426.0,44.0,2025-02-20T10:00:00.000Z,RAAFIAH
8AS213000030,PKK.LN.IDSUB.2502.000713,SPB.IDSUB.0225.0000814,Realization,9932.0,147.9,2025-02-22T11:00:00.000Z,SCION MAFALDA
CL5813000002,PKK.DN.IDSUB.2502.000635,SPB.IDSUB.0425.0000337,Request PPKB,113.0,28.2,2025-04-13T13:00:00.000Z,CLARA 58
FS6613000044,PKK.DN.IDSUB.2502.000633,SPB.IDSUB.0325.0000275,Request PPKB,310.0,47.81,2025-03-08T10:00:00.000Z,FAJAR SELATAN
CNB013000010,PKK.DN.IDSUB.2502.000632,SPB.IDSUB.0325.0001042,Realization,679.0,56.75,2025-03-27T11:00:00.000Z,CITRA NUSANTARA BARU
7WWL13000014,PKK.DN.IDSUB.2502.000554,SPB.IDSUB.0325.0000354,New,249.0,41.0,2025-03-10T12:00:00.000Z,MADHANI
PQI513000048,PKK.DN.IDSUB.2502.000495,SPB.IDSUB.0225.0000858,Request PPKB,320.0,41.5,2025-02-23T14:00:00.000Z,HERLIN NUSANTARA 9
08WY13000001,PKK.LN.IDSUB.2501.000256,SPB.IDSUB.0425.0000839,Realization,1949.0,74.98,2025-04-25T16:00:00.000Z,LOTUS PACIFIC
9W3K13000004,PKK.DN.IDSUB.2502.000464,SPB.IDSUB.0225.0000783,Request PPKB,225.0,31.36,2025-02-21T16:00:00.000Z,SEDAYU 01
WWMH13000003,PKK.DN.IDSUB.2502.000430,SPB.IDSUB.0325.0001046,Request PPKB,256.0,39.79,2025-03-27T16:00:00.000Z,JUNA IV
BS4413000009,PKK.DN.IDSUB.2502.000423,SPB.IDSUB.0425.0000119,Request PPKB,228.0,38.56,2025-04-07T00:00:00.000Z,BERLIAN SELATAN
TH2813000002,PKK.DN.IDGRE.2502.000267,SPB.IDGRE.0225.0000579,New,2212.0,76.25,2025-02-21T23:00:00.000Z,TGH 2518
S1PC13000002,PKK.DN.IDGRE.2502.000266,SPB.IDGRE.0225.0000578,New,142.0,23.5,2025-02-21T23:00:00.000Z,PRIME 12
66IL13000001,PKK.DN.IDSUB.2502.000382,SPB.IDSUB.0225.0000372,Request PPKB,201.0,26.95,2025-02-11T16:55:00.000Z,KIRANA 8
DK9913000002,PKK.DN.IDSUB.2502.000354,SPB.IDSUB.0425.0000232,Realization,3626.0,88.91,2025-04-10T14:00:00.000Z,DHARMA KENCANA
1F6E13000001,PKK.DN.IDGRE.2502.000242,SPB.IDGRE.0225.0000756,New,2231.0,82.3,2025-02-27T20:00:00.000Z,LIUS XXI
20S513000001,PKK.DN.IDGRE.2502.000236,SPB.IDGRE.0225.0000757,New,182.0,28.5,2025-02-27T20:00:00.000Z,LIUS 12
E35R13000001,PKK.DN.IDSUB.2502.000287,SPB.IDSUB.0225.0001018,Realization,134.0,23.5,2025-02-27T14:00:00.000Z,TANJUNG BAHARI 9
SP8013000011,PKK.DN.IDSUB.2502.000271,SPB.IDSUB.0425.0000845,Realization,613.0,57.07,2025-04-26T01:00:00.000Z,SAMUDRA PERKASA 8
BLN913000007,PKK.DN.IDSUB.2502.000224,SPB.IDSUB.0225.0000243,Request PPKB,304.0,33.54,2025-02-08T10:00:00.000Z,BALONGAN I
IGUL13000012,PKK.DN.IDSUB.2502.000216,SPB.IDSUB.0225.0000958,New,169.0,31.5,2025-02-26T11:00:00.000Z,MUTIARA INTI PERMATA
PWRT13000002,PKK.DN.IDGRE.2502.000137,SPB.IDGRE.0225.0000546,Request PPKB,1975.0,76.2,2025-02-21T00:00:00.000Z,LL 2522
LLLO13000002,PKK.DN.IDGRE.2502.000136,SPB.IDGRE.0225.0000547,New,109.0,22.0,2025-02-21T00:00:00.000Z,LL LOTTUS
NO5A13000001,PKK.DN.IDSUB.2502.000147,SPB.IDSUB.0925.0000051,Request PPKB,12.0,12.6,2025-09-02T03:00:00.000Z,MP PMS SRIKANDI 02
151A13000007,PKK.DN.IDSUB.2410.000935,SPB.IDSUB.0225.0000353,New,445.0,46.28,2025-02-11T16:00:00.000Z,ADINUSANTARA
MHI013000042,PKK.DN.IDGRE.2502.000069,SPB.IDGRE.0225.0000193,Request PPKB,102.0,32.29,2025-02-09T05:00:00.000Z,MARINE HAWK II
PQI513000047,PKK.DN.IDSUB.2502.000089,SPB.IDSUB.0225.0000441,Request PPKB,320.0,41.5,2025-02-13T06:00:00.000Z,HERLIN NUSANTARA 9
KMI013000006,PKK.DN.IDSUB.2502.000079,SPB.IDSUB.0225.0000955,Realization,672.0,57.15,2025-02-26T12:00:00.000Z,KAISEI MARU I
H17713000009,PKK.DN.IDSUB.2502.000025,SPB.IDSUB.0225.0000707,Request PPKB,322.0,42.99,2025-02-19T15:00:00.000Z,HARTADIKA 1
FS6613000041,PKK.DN.IDSUB.2501.001115,SPB.IDSUB.0225.0000142,Request PPKB,310.0,47.81,2025-02-05T10:00:00.000Z,FAJAR SELATAN
K13313000017,PKK.DN.IDSUB.2501.001093,SPB.IDSUB.0225.0000931,Realization,557.0,51.14,2025-02-25T14:00:00.000Z,KALIMAS 1
TB5513000032,PKK.DN.IDSUB.2501.001068,SPB.IDSUB.0225.0000497,Realization,7091.0,126.4,2025-02-14T08:30:00.000Z,Tanto Bagus
8O5D13000002,PKK.DN.IDGRE.2501.000778,SPB.IDGRE.0225.0000364,New,2528.0,82.3,2025-02-15T00:00:00.000Z,SG 2738
GP5413000002,PKK.DN.IDGRE.2501.000777,SPB.IDGRE.0225.0000363,New,141.0,23.5,2025-02-15T00:00:00.000Z,GLOBAL 1238
212P13000002,PKK.DN.IDSUB.2501.000989,SPB.IDSUB.0225.0000758,Request PPKB,259.0,34.47,2025-02-20T16:00:00.000Z,PELAGIAN
PQI513000046,PKK.DN.IDSUB.2501.000995,SPB.IDSUB.0225.0000046,Request PPKB,320.0,41.5,2025-02-02T10:00:00.000Z,HERLIN NUSANTARA 9
TG0513000001,PKK.DN.IDGRE.2501.000714,SPB.IDGRE.0225.0000483,New,2211.0,76.25,2025-02-18T23:00:00.000Z,TGH 2505
PM1513000002,PKK.DN.IDGRE.2501.000713,SPB.IDGRE.0225.0000482,New,142.0,23.5,2025-02-18T23:00:00.000Z,PRIME 15
DOJ913000019,PKK.DN.IDGRE.2501.000488,SPB.IDGRE.0125.0000799,Realization,164.0,26.22,2025-01-29T00:00:00.000Z,ONI VII
SJ0013000001,PKK.DN.IDSUB.2501.000935,SPB.IDSUB.0225.0000633,Request PPKB,497.0,48.98,2025-02-17T22:55:00.000Z,SENRI JAYA
PQI513000045,PKK.DN.IDSUB.2501.000854,SPB.IDSUB.0125.0000936,Request PPKB,320.0,41.5,2025-01-27T09:00:00.000Z,HERLIN NUSANTARA 9
FS6613000040,PKK.DN.IDSUB.2501.000763,SPB.IDSUB.0125.0001034,Request PPKB,310.0,47.81,2025-01-30T09:30:00.000Z,FAJAR SELATAN
M09213000008,PKK.DN.IDSUB.2501.000732,SPB.IDSUB.0225.0000907,Realization,612.0,49.65,2025-02-25T00:00:00.000Z,MITRA ABADI-II
D02213000020,PKK.DN.IDSUB.2501.000665,SPB.IDSUB.0225.0000446,Realization,531.0,53.52,2025-02-13T10:00:00.000Z,DAN 03
5WGV13000001,PKK.DN.IDGRE.2501.000469,SPB.IDGRE.0225.0000073,New,2198.0,82.3,2025-02-04T16:00:00.000Z,SENO HIDAYAT VII
VZ1H13000001,PKK.DN.IDGRE.2501.000468,SPB.IDGRE.0225.0000070,New,221.0,28.07,2025-02-04T16:00:00.000Z,SENO HIDAYAT - VI
7WWL13000013,PKK.DN.IDGRE.2501.000467,SPB.IDGRE.0125.0000539,Request PPKB,249.0,41.0,2025-01-21T09:00:00.000Z,MADHANI
MPSL13000012,PKK.DN.IDGRE.2501.000441,SPB.IDGRE.0125.0000544,New,222.0,27.66,2025-01-21T23:00:00.000Z,BERKAT 6
C5GU13000002,PKK.DN.IDSUB.2501.000502,SPB.IDSUB.0225.0000471,New,497.0,43.57,2025-02-13T16:00:00.000Z,LINTAS SAMUDRA II
PH3313000015,PKK.DN.IDSUB.2501.000488,SPB.IDSUB.0325.0000197,Request PPKB,166.0,41.92,2025-03-06T13:00:00.000Z,NABIL 99
I4AH13000002,PKK.DN.IDSUB.2501.000482,SPB.IDSUB.0225.0001054,New,123.0,22.31,2025-02-28T09:00:00.000Z,MULIA UTAMA
PQI513000044,PKK.DN.IDSUB.2501.000457,SPB.IDSUB.0125.0000781,Request PPKB,320.0,41.5,2025-01-23T08:00:00.000Z,HERLIN NUSANTARA 9
PK3313000004,PKK.DN.IDSUB.2501.000454,SPB.IDSUB.0225.0001063,Realization,651.0,55.5,2025-02-28T14:00:00.000Z,PUTRA KUSUMA
SKJI13000018,PKK.DN.IDSUB.2501.000436,SPB.IDSUB.0225.0000175,Request PPKB,224.0,36.7,2025-02-06T11:00:00.000Z,SRI KENCANA JAYA III
GCPL13000013,PKK.DN.IDSUB.2501.000417,SPB.IDSUB.0225.0000452,New,213.0,27.15,2025-02-13T13:00:00.000Z,RAHMAT SEJATI
ENTA13000001,PKK.DN.IDGRE.2501.000320,SPB.IDGRE.0125.0000615,New,2012.0,76.2,2025-01-22T23:00:00.000Z,ENTRADA 2501
TRE113000001,PKK.DN.IDGRE.2501.000319,SPB.IDGRE.0125.0000612,New,146.0,23.5,2025-01-22T23:00:00.000Z,TRANS ENTRADA 1
TFOT13000004,PKK.DN.IDSUB.2501.000361,SPB.IDSUB.0325.0001051,Realization,146.0,24.0,2025-03-27T13:00:00.000Z,BURUNG CAMAR - 38
1W8513000001,PKK.DN.IDSUB.2005.000605,SPB.IDSUB.0325.0000335,Request PPKB,224.0,27.0,2025-03-09T16:00:00.000Z,WONOKROMO
0V4Y13000001,PKK.DN.IDGRE.2312.000645,SPB.IDGRE.0325.0000713,Request PPKB,45.0,17.55,2025-03-25T16:00:00.000Z,ZA MAKMUR 51
PN1413000009,PKK.DN.IDSUB.2501.000237,SPB.IDSUB.0125.0001067,Realization,1371.0,65.0,2025-01-31T12:00:00.000Z,PELITA NUSANTARA 12
S08213000016,PKK.DN.IDSUB.2501.000194,SPB.IDSUB.0525.0000998,Request PPKB,315.0,46.34,2025-05-25T14:00:00.000Z,SATURN III
BT1N13000001,PKK.DN.IDGRE.2501.000095,SPB.IDGRE.0125.0000445,New,2026.0,76.2,2025-01-17T16:00:00.000Z,TNL 2501
7ZSH13000001,PKK.DN.IDGRE.2501.000094,SPB.IDGRE.0125.0000446,New,152.0,26.78,2025-01-17T16:00:00.000Z,RONA 05
PSS113000001,PKK.DN.IDSUB.2501.000136,SPB.IDSUB.0325.0000111,Realization,694.0,56.0,2025-03-04T11:00:00.000Z,PACIFIC SAMUDERA SATU
NHIE13000005,PKK.DN.IDSUB.2501.000108,SPB.IDSUB.0225.0000546,New,98.0,29.58,2025-02-16T05:00:00.000Z,HASIL FAJRUL UTAMA
V97X13000005,PKK.DN.IDSUB.2501.000084,SPB.IDSUB.0125.0000175,Request PPKB,31345.0,189.99,2025-01-06T13:00:00.000Z,GOLDEN PERMAI
MPI313000010,PKK.DN.IDSUB.2412.001087,SPB.IDSUB.0125.0000551,Realization,670.0,54.42,2025-01-17T07:00:00.000Z,MEGAH PRATAMA II
T7Q013000013,PKK.DN.IDSUB.2412.001056,SPB.IDSUB.0125.0000481,New,109.0,19.0,2025-01-15T11:00:00.000Z,PALAEKA JUARA
222V13000010,PKK.DN.IDSUB.2412.001043,SPB.IDSUB.0125.0000822,Realization,680.0,58.2,2025-01-24T08:00:00.000Z,VELOCITY
666K13000016,PKK.DN.IDSUB.2412.001036,SPB.IDSUB.0225.0000930,Realization,714.0,56.35,2025-02-25T14:00:00.000Z,KONAWE
7WWL13000012,PKK.DN.IDSUB.2412.000999,SPB.IDSUB.0125.0000484,New,249.0,41.0,2025-01-15T13:30:00.000Z,MADHANI
IVIL13000001,PKK.DN.IDGRE.2412.000634,SPB.IDGRE.0125.0000749,New,498.0,40.0,2025-01-27T04:00:00.000Z,TEGAP JAYA
P80013000013,PKK.DN.IDSUB.2412.000883,SPB.IDSUB.0125.0001072,Realization,658.0,58.81,2025-01-31T10:00:00.000Z,PASADENA 8
SI6613000013,PKK.DN.IDSUB.2412.000871,SPB.IDSUB.0125.0000892,Realization,685.0,57.08,2025-01-26T12:00:00.000Z,SHELLY INDAH
POX213000056,PKK.DN.IDSUB.2407.000622,SPB.IDSUB.0225.0000975,Realization,732.0,64.55,2025-02-26T16:00:00.000Z,PETRO OCEAN XXVI
101N13000010,PKK.DN.IDSUB.2412.000821,SPB.IDSUB.0225.0000187,Realization,646.0,55.4,2025-02-06T14:00:00.000Z,NIGATA
343K13000008,PKK.DN.IDSUB.2412.000717,SPB.IDSUB.0225.0000956,Realization,720.0,58.5,2025-02-26T12:00:00.000Z,KINEI
LO1913000001,PKK.DN.IDGRE.2412.000463,SPB.IDGRE.0125.0000422,Realization,2029.0,76.25,2025-01-17T11:00:00.000Z,LONGKHE - 19
MSE813000001,PKK.DN.IDGRE.2412.000462,SPB.IDGRE.0125.0000423,Request PPKB,137.0,23.0,2025-01-17T11:00:00.000Z,MAKMUR SELATAN - 8
M50713000004,PKK.DN.IDSUB.2412.000598,SPB.IDSUB.0125.0000890,Realization,643.0,58.85,2025-01-26T00:00:00.000Z,MITRA CAHAYA
KR0013000001,PKK.DN.IDSUB.2412.000584,SPB.IDSUB.0325.0000239,Request PPKB,111.0,27.2,2025-03-07T11:00:00.000Z,KENCANA RAYA
IN0013000010,PKK.DN.IDSUB.2412.000485,SPB.IDSUB.0125.0000172,Realization,669.0,57.91,2025-01-06T09:00:00.000Z,IS NO 5
HUSL13000005,PKK.DN.IDSUB.2412.000259,SPB.IDSUB.0125.0000106,New,249.0,29.5,2025-01-04T08:00:00.000Z,BUNGA ISMI RAHMAT
3P1413000002,PKK.DN.IDGRE.2411.000802,SPB.IDGRE.0125.0000591,New,399.0,47.53,2025-01-22T08:00:00.000Z,BERDIKARI
GX2013000004,PKK.DN.IDSUB.2412.000140,SPB.IDSUB.0125.0000970,New,147.0,31.96,2025-01-28T09:00:00.000Z,BONERATE KING
RRJE13000012,PKK.DN.IDSUB.2412.000135,SPB.IDSUB.0225.0000451,New,101.0,23.85,2025-02-13T13:30:00.000Z,GRYA IDOLA
H12213000018,PKK.DN.IDSUB.2411.001041,SPB.IDSUB.0225.0000396,Request PPKB,275.0,39.0,2025-02-12T14:00:00.000Z,HUBMAR - 14
D02213000019,PKK.DN.IDSUB.2411.001031,SPB.IDSUB.0125.0000521,Realization,531.0,53.52,2025-01-16T10:00:00.000Z,DAN 03
EQQX13000014,PKK.DN.IDSUB.2411.001011,SPB.IDSUB.0825.0000764,New,148.0,22.54,2025-08-20T16:00:00.000Z,MAYANG SARI
KU0013000006,PKK.DN.IDSUB.2411.000921,SPB.IDSUB.0125.0000110,Realization,526.0,49.95,2025-01-04T12:00:00.000Z,KALIMAS UTAMA
M58913000001,PKK.DN.IDSUB.2411.000890,SPB.IDSUB.0825.0000401,Request PPKB,375.0,43.7,2025-08-11T05:00:00.000Z,MITRA ABADI
6JVX13000001,PKK.DN.IDSUB.2411.000695,SPB.IDSUB.0425.0000127,Realization,247.0,42.0,2025-04-07T14:00:00.000Z,PETRO OCEAN XXII
E19213000005,PKK.DN.IDSUB.2411.000549,SPB.IDSUB.0125.0000104,Realization,655.0,48.77,2025-01-04T12:00:00.000Z,ELSHADAI 1
J10013000008,PKK.DN.IDGRE.2409.000139,SPB.IDGRE.0225.0000543,New,332.0,47.78,2025-02-20T16:00:00.000Z,JAYANTI 1
AFZB13000003,PKK.DN.IDGRE.2410.000305,SPB.IDGRE.0625.0000293,Realization,74.0,19.98,2025-06-13T15:00:00.000Z,ATLANTIC STAR 6
H8BV13000001,PKK.DN.IDGRE.2410.000304,SPB.IDGRE.0925.0000390,Realization,1250.0,64.01,2025-09-16T01:00:00.000Z,GLOBAL SAMUDERA JAYA
000E13000003,PKK.DN.IDSUB.2409.001086,SPB.IDSUB.0125.0000700,Realization,1036.0,71.91,2025-01-21T09:00:00.000Z,ELVIRA
J10013000008,PKK.DN.IDGRE.2409.000139,SPB.IDGRE.0225.0000543,New,332.0,47.78,2025-02-20T16:00:00.000Z,JAYANTI 1
POX113000053,PKK.DN.IDSUB.2408.000355,SPB.IDSUB.0325.0000561,Request PPKB,228.0,40.2,2025-03-15T11:00:00.000Z,PETRO OCEAN XV
PD4413000001,PKK.DN.IDSUB.2407.001164,SPB.IDSUB.0125.0000194,Request PPKB,14.0,13.3,2025-01-07T07:00:00.000Z,PIM MRU
BI6613000004,PKK.DN.IDSUB.2407.000915,SPB.IDSUB.0825.0000240,Request PPKB,283.0,43.1,2025-08-07T08:00:00.000Z,BUDIMAN II
POX213000056,PKK.DN.IDSUB.2407.000622,SPB.IDSUB.0225.0000975,Realization,732.0,64.55,2025-02-26T16:00:00.000Z,PETRO OCEAN XXVI
PH3313000013,PKK.DN.IDSUB.2406.000176,SPB.IDSUB.0125.0000450,Request PPKB,166.0,41.92,2025-01-14T11:57:00.000Z,NABIL 99
BP3713000003,PKK.DN.IDSUB.2402.001107,SPB.IDSUB.0225.0000944,Request PPKB,256.0,31.65,2025-02-25T22:00:00.000Z,KRESNA 3116
8TTN13000001,PKK.DN.IDSUB.2402.000652,SPB.IDSUB.0325.0000640,Request PPKB,206.0,26.5,2025-03-17T14:00:00.000Z,BINTANG BISMA 3309
PTED13000001,PKK.DN.IDSUB.2309.001131,SPB.IDSUB.0125.0000893,Request PPKB,162.0,25.0,2025-01-26T07:00:00.000Z,BINTANG BUANA 09
HOWU13000001,PKK.DN.IDSUB.2304.000183,SPB.IDSUB.0425.0000179,Request PPKB,82.0,27.53,2025-04-09T07:00:00.000Z,NOOR HIDAYAH
4MYF13000001,PKK.DN.IDGRE.2304.000060,SPB.IDGRE.0825.0000394,New,204.0,27.75,2025-08-14T23:00:00.000Z,RESTU UTAMA 02
